intersection_x,intersection_y,intersection_z
-287.27776064566547,367.53700163783475,35.79188113681113
-284.9890325295313,377.43230315462836,36.831919235456894
-287.2669663352532,381.4362424755259,37.25275021583002
-287.44159341143205,387.62084672381127,37.902778315766966
-287.02070385034637,391.98684413466407,38.36166313480652
-287.2684270028664,392.9295343097013,38.46074386474629
-286.956557386175,397.79646485456306,38.97227887775517
-289.41912634963603,396.50920819745,38.83698275121861
-287.40530682937253,396.6996166255427,38.85699548344144
-287.61473958900535,407.07541404347387,39.94753573632471
-285.3058464004415,414.14292873111367,40.69036146279802
-284.9124071147509,413.4739955503388,40.620053752388856
-284.94242452737086,407.7771281828878,40.02128886432297
-284.9029866253155,409.4809593886941,40.20036874023094
-287.056036137366,406.9786127386437,39.93736150920773
455.49657984116413,104.8172481230996,8.178922354457654
476.3678309309251,102.4351943780666,7.928558417224167
462.2355646810664,102.29961655401554,7.914308613708499
491.8123213936,109.55964701948179,8.677368563786786
488.99781227772064,120.98223565117229,9.877931006674999
475.4032141654743,121.23495190984228,9.904492555781644
472.305136245331,145.4062830965473,12.445001835513494
464.383807864685,162.13978993882958,14.2037642754849
455.65418550507246,180.98083380442944,16.18403778258562
441.03262458304226,222.38611979744644,20.53590870283847
531.5522247370565,249.82135512645158,23.419468131427493
532.0738102564362,249.10527623447186,23.34420520709591
525.420146994168,289.62788250584344,27.603302750220564
648.6876618313183,290.9691990981548,27.74428080490452
580.6228789629049,273.8878803606184,25.948961861666476
-3.218421316918608,272.6835404364154,25.822380634933324
-5.68001136660434,295.3315718158348,28.20278465334019
-0.22749362143788687,277.4708390760145,26.325545997436848
6.088145616028186,278.4600724081488,26.42951861031014
6.171544682125372,296.5728811793988,28.333251524725767
-65.94184112548828,395.44816835410256,38.725462969897194
-71.6684799087202,530.2602894222329,52.8947878593068
-60.420924888802794,265.06626407408584,25.02177262806339
-54.08924727068894,427.92472062146624,42.13888616002424
-42.93321868727474,230.89298931190478,21.430016717660408
-28.973430221037702,276.8116084562082,26.25625806727828
-48.64978318437666,307.17756817839995,29.447849041987695
-48.40423918982092,367.1408955853242,35.75024871307778
-49.014096518906065,286.2244233573771,27.24558477916304
-48.54994024049435,212.539968728184,19.501036524393214
726.2914832537425,268.685159870258,25.402133903226286
700.0565237270946,239.71158702955393,22.35688868688976
698.5028474972914,258.41051470887425,24.322225180912938
712.4000750948601,253.74259160713365,23.83160669302515
700.1052178339625,239.875821600265,22.37415043584815
758.9351196289062,254.9582046865949,23.959372776120745
712.0824303142608,223.10927818312138,20.611915711940583
713.5701810073406,234.86787172387267,21.847793693841368
665.6002560244212,235.51428854348362,21.91573483932939
632.7475889075968,229.59554196044076,21.293649505987105
613.5029681394976,223.609234965713,20.66446328724078
612.2258545966309,236.84324063115628,22.055413332208673
614.5688667806453,230.08185399044257,21.344762960001162
597.9412445480957,270.0958331107342,25.550401635376147
566.4591141197672,256.47083947730863,24.118357099035165
580.1122296673028,254.4602492897291,23.90703555493701
567.877530752442,253.65086647417863,23.821965993071217
634.2190394206884,291.16794879803547,27.765170240119915
669.433371564777,294.092139671262,28.072515085621262
652.7265330956506,289.42507031743537,27.581986330255404
670.5673093733285,323.32247886267453,31.14474753289096
654.3036149582842,312.9356722288519,30.05305016479042
684.7929404205956,318.6827665912084,30.657094122745775
670.9663511957672,305.40411106913194,29.261451188741603
698.3487777386094,309.29637844955306,29.670544975210078
681.9417827610182,304.6097048152594,29.17795572693808
667.3939230003606,259.62142190668476,24.449496655916164
680.6904904334607,248.06546276273974,23.234916407330502
699.2841313728861,233.645861246504,21.71935521713067
668.6833598682774,240.29388123481,22.418090274032693
-48.13958507341067,72.25386534862974,4.756372910283687
-48.71909348297957,68.698658461621,4.382705609213303
-49.27267837524408,71.08629319789071,4.633656132262672
-48.70000576732064,67.64072440285027,4.271512259004737
-48.16336049627646,64.09382016834317,3.8987176018762284
-47.58848105480416,65.25225067138672,4.020473554007083
-47.6107907775583,66.409871726097,4.142144429689836
-48.175723901546284,68.66941294089595,4.379631781122555
-47.57685344865866,69.9480063345173,4.5140173619748225
-47.55594042880457,77.08558750844117,5.264207372906867
-48.12094223004025,77.15173127085686,5.2711593624730995
-48.11678376171885,72.46194892823274,4.7782433757890885
-48.11813910803371,73.65370260222296,4.9035017343189224
-48.07132704217398,74.00580625513817,4.9405093194928895
-48.0856079156923,75.11709444404691,5.05731041474786
714.6095785992973,280.4023361548103,26.633658756087243
730.371205995029,259.67083469562317,24.45469014931018
729.6423142947642,286.56730098655623,27.281622670167735
727.2228339740055,272.56851341995804,25.810290808333548
744.5192598292322,241.94226457060145,22.591342343965607
730.394364473902,260.3490379910036,24.52597218802589
744.1133015258761,236.33166984869928,22.0016450763344
759.1597290039062,235.20760290506072,21.883500879835992
759.1597290039062,222.76063809962352,20.575272162581996
730.2847339802069,260.7816225602932,24.57143865836838
714.0215974066402,229.6882832235055,21.3033970055194
730.7442753970624,228.5273240811779,21.181375282690396
717.1900748771243,209.56787109375,19.188656475391326
716.7318544848306,203.2669411058507,18.52640204755039
689.2597808122398,228.00003840514432,21.125955324944243
-57.08423971837805,34.73423767089844,0.8129011357627292
-56.550745861956585,34.194981680211754,0.7562230472491933
-57.20728123632928,34.73423767089844,0.8129011357627292
-57.10194675141997,35.2799752144312,0.870260462931526
-56.82377830126887,34.73423767089844,0.8129011357627292
-57.06111761625561,35.2870775656794,0.8710069501280486
-56.904040203194484,34.73423767089844,0.812901135762786
-56.86340908747465,34.73423767089844,0.8129011357627292
-57.672298249198676,35.28673074928582,0.8709704982562698
-56.43010538558367,34.73423767089844,0.8129011357628428
-57.040905786558675,35.291971204540275,0.871521292298155
-57.06485815301977,34.73423767089844,0.8129011357627292
-56.437076287160174,35.29082603978951,0.8714009306328308
-57.644247132130104,35.29278346123674,0.8716066639170776
-56.403741421193786,35.857658694430874,0.9309774433224334
688.5587232558904,208.85638427734375,19.11387619765128
675.3717367944184,215.04061580376356,19.763865122941525
691.0600951258809,208.85638427734375,19.11387619765128
676.818030192446,214.90654907034553,19.7497741414511
678.82051617212,208.85638427734375,19.11387619765128
677.6754291440527,214.83645049333933,19.742406484121602
661.8710308050179,214.96037614057883,19.755431594504444
662.9216230909965,214.89052521857,19.748089966764155
702.9954611473366,208.85638427734375,19.11387619765128
659.8971137161959,215.05225598293814,19.76508855507177
672.8508799455026,215.16451870104,19.77688784220686
656.3565112598592,208.85638427734375,19.11387619765128
671.809387391266,215.2264579531732,19.783397919935396
657.0851562180543,215.2259476256538,19.783344282351663
671.1921191501721,215.27094062784843,19.788073237439676
-63.862258743842986,32.128868103027344,0.5390657597471886
-63.08808014821982,32.70252689226408,0.5993597280933614
-63.83536948155103,32.704017187878634,0.5995163644741979
-63.055432958503076,33.28194158985947,0.6602586667857508
-63.03802427586818,32.707575435850586,0.599890351406259
-63.0493182863598,33.2810709649452,0.6601671604200305
-62.909648100785695,33.31337058944827,0.6635619877528143
-63.78102477049676,33.289727222468,0.661076969747171
-63.87190928178215,32.69886814792766,0.598975178567855
-64.63897780122339,32.69975900340071,0.5990688112510156
-63.08818722723238,32.70402708965824,0.5995174051931826
-64.5795823838446,32.128868103027344,0.5390657597472455
-63.860860694354216,33.27606066418323,0.6596405565899204
-64.68151121266989,32.69177264678934,0.5982294113467788
-64.6140386478111,32.7032476087569,0.599435478449152
-86.59251672772011,9.820937354627773,-1.8055922419230228
-86.58610766717777,10.000041255651297,-1.786767663372757
-86.52369461682203,10.004181868132282,-1.7863324674644332
-86.57897840501117,10.179642016700868,-1.76789086272953
-86.80179221935379,9.814353252461371,-1.806284258946107
-86.83301731362273,9.813315325532686,-1.8063933494622688
-86.57924714965391,9.821377520428396,-1.8055459786331198
-87.68739955400984,10.17459781548888,-1.7684210296404785
-86.65007012453961,10.172162642664645,-1.7686769766178827
-86.67361463480714,10.16982144300993,-1.7689230466171466
-84.65742083035124,10.160534795235145,-1.769899112629787
-85.8207940562207,9.982461349908258,-1.7886153859220144
-86.7831438650791,9.987158356085494,-1.7881217106797749
-87.75594855189766,10.340178825059366,-1.7510177642551525
-87.85157189650054,10.323482079482742,-1.7527726629302833
704.2648875743714,228.78011199987137,21.20794436356914
703.8661532180323,241.51229234608545,22.546150442122553
718.6455683781344,235.12703568518916,21.87503292380393
703.9811388146658,235.2270083743018,21.885540476840788
687.6445230841263,235.74905653269778,21.94040994930083
687.721053236133,242.17621060966385,22.615931063494827
703.3080451245684,248.21683162078114,23.25082591539808
688.1305242040668,248.38847080137498,23.268865920216058
687.9588200375543,261.2284599270916,24.618403158093997
718.0373954611657,254.53067641439029,23.914437744016595
731.5910685828864,262.9449568874257,24.798814258445873
719.008241830965,259.6479980726948,24.45228992352122
702.1338377702784,268.0364447297924,25.333951194482324
689.1797005715013,260.311052109422,24.521979710991218
716.2189325652495,262.92138296774726,24.796336539645836
731.3879608025042,264.7358982392576,24.987049779635754
715.3248598163475,266.83164475430095,25.207321614410148
717.3469697926618,276.49708483640103,26.223200302745454
717.7759853389023,257.5957377457511,24.236588671291656
732.0078454853071,251.47585800063183,23.59336339076299
730.9404501889969,259.41763317022844,24.428077596615367
730.8176031095805,266.06222960611666,25.126452823658383
732.1378985874961,263.498764281077,24.857021761040187
746.2007726217064,263.6271540716872,24.870516071798193
760.3297729492188,257.4898664674303,24.22546115154728
732.0179485895488,257.6602370619037,24.243367822590926
746.4540825846277,262.68357679770014,24.771342104001405
760.3297729492188,250.02607984305428,23.44098556620588
732.5961446302505,256.7957830703878,24.152510046890484
732.9602069934219,250.32515951593763,23.472420106507798
-69.94158984794288,17.40324974614729,-1.0086590964668858
-69.12583836776969,17.396446146178178,-1.0093741836386698
-69.06809354014722,17.474521058378837,-1.0011681796983112
-69.14263520700788,17.6420823358164,-0.9835567797731528
-69.14135693315552,16.82948771400363,-1.0689639160797242
-69.10352894119647,17.698165277475677,-0.9776622250785749
-69.10477328607324,17.419091052447445,-1.0069941080824947
-69.94411895683606,16.84304324039912,-1.067539172844306
-69.14649785545224,17.092222871137103,-1.0413493383117611
-68.33678202231168,16.28154955743771,-1.126554536998583
-68.36231515777344,16.26634990328668,-1.128152085024226
-68.43150837562696,15.973646758107659,-1.1589164252580986
-67.513769664621,16.0056441414231,-1.1555533647542688
-66.84819016611546,15.97453898375371,-1.158822648564069
-65.93684731530932,15.993442580913237,-1.1568358004407742
662.3194539280864,227.0610807795717,21.02726690176155
689.8274090522674,226.90367895180952,21.010723303025316
663.4099340327997,226.88209821123672,21.008455075791062
675.8343810070687,227.03956021514944,21.02500499929556
674.3330827275489,233.3140858752095,21.684484220451168
689.1723592067219,238.7354859010133,22.254296324232428
688.6546704710621,227.2537983208756,21.047522331562732
691.4497645872204,226.52825322804745,20.971264469430025
677.4324046331554,221.01338236045743,20.391628184303272
650.0790280229153,232.47167926682673,21.595943718094304
660.585559438062,227.27267465623095,21.049506314354858
662.9108303328626,221.1220712926031,20.40305185139823
648.4050360360133,227.02451152816388,21.023423318558116
676.5662292292297,226.81086324356687,21.00096797898982
661.345273597228,221.35403950616046,20.427432693090168
-92.40509796726526,11.000982241328005,-1.6815645265272678
-92.36178729184346,11.342834583986658,-1.645634397478375
-95.27692927267286,12.029530007504587,-1.5734598001291147
-94.21853053322664,12.207289726990775,-1.554776500751359
-93.05488597940013,12.237820310249234,-1.5515676071457847
-86.66996009457768,11.888232931597795,-1.5883107212375194
-82.92690353974137,11.853224651816944,-1.5919902397117767
-80.34900293643358,12.393254395765302,-1.5352308264533576
-74.96742140020038,12.560249383063056,-1.5176789460203395
-68.77656866998441,12.17643217221044,-1.5580197604487012
-65.15073686220015,12.631730365062326,-1.5101659920712223
-63.63656743064941,11.961332795626918,-1.5806276159306663
-60.57932130722152,12.54753803113068,-1.519014962944425
-57.69483910100229,12.626236111038084,-1.5107434614388922
-49.20690022122114,12.13732782105563,-1.562129793372435
38.10826346425222,231.61650182893715,21.506060947468086
-51.010644480692235,231.73152433672018,21.518150300187017
-96.52911398504693,221.23344045480977,20.41475722202381
-137.95148825100034,206.20082827996202,18.834766015341074
-217.91309806453103,200.96220542534715,18.284164566361596
-190.38888309118522,170.61548864734078,15.094596106584959
-248.62775884217137,165.6263481354601,14.570216308450881
-276.9609496720989,166.09304470785307,14.61926809479337
-274.2647798568337,161.7764863470007,14.165579529296338
-265.3400467412987,168.21074219938615,14.841847070165159
-308.0562362959042,163.2930213906456,14.324973785312295
-286.0239295330157,163.02594124183202,14.296902530516263
-289.43947848267317,164.0570008936381,14.405271266732825
-288.01920408376645,159.5962444001606,13.936426866779357
-280.95871723673713,158.38242200813772,13.808848992517596
-4.995224387690396,50.060912107555446,2.423799531593488
-7.977747116617259,52.66695781504709,2.69770597274686
-11.599764070320026,57.259558362247155,3.180407741140982
-21.12192742742424,88.2572417798342,6.43839555175407
-18.229340384021405,93.99695576855443,7.041663801182153
-15.48721576863678,96.10036395166401,7.262740909719469
-13.667557959714973,85.17120890095023,6.114040426014242
-2.060200911310588,53.885581350242425,2.8257884674903266
-0.30749621230112467,48.22438488562069,2.230772742387501
-1.2142791701249642,40.01909982031538,1.3683625304616953
-2.1131926304783946,43.157342281464544,1.6982051044190598
-1.5731698493374537,44.35819313444951,1.8244196149901768
-2.661366168455018,46.19415539687108,2.0173870245587295
-3.6720468621715554,56.04190282718389,3.0524269873111507
-2.534611739823653,55.366065979003906,2.9813936722189283
24.38500939621586,93.08328835684414,6.945633486587326
23.82004965238771,93.49895766462112,6.989322091304643
24.356596597174036,93.14016499604837,6.951611462255414
22.97344190663535,102.88948806737528,7.976306608025197
22.15288001566827,111.8953857421875,8.922864596017234
21.911058391744465,69.36327025316874,4.452559123312312
20.737657056116337,62.81291170586517,3.764088697482066
20.64796910488201,55.52893446593912,2.998511839987259
20.62148154278386,55.704936579753706,3.017010407564726
20.30053694032619,56.55571569376338,3.1064308957228377
19.734939376069402,43.19667549696172,1.7023391919543656
19.181756601214467,37.0698441844053,1.058383272246374
19.429614469092492,50.64441645800152,2.4851283101214676
18.947068576418708,59.064293737754674,3.370093072640657
18.30514615289227,96.2805867413391,7.281683088205909
-98.35998839512854,219.46419278784657,20.228801798992208
-112.56380599902013,215.48769705354547,19.81085525580147
-154.24781185757922,219.6753809845034,20.25099857289888
-140.1904348164761,215.51590230055228,19.813819746718536
-138.5302485847476,215.44652121231394,19.806527500497396
-162.13502982254727,211.37388610839844,19.378476302383888
-109.82590146760822,215.3097443748575,19.79215167559437
-127.93343092437271,215.39186323092878,19.800782715162995
-101.24714715486323,211.37388610839844,19.378476302384115
-147.04948407287952,215.40341623351193,19.80199698466413
-136.093597807891,195.1099949649695,17.669072461309952
-135.9179482475215,199.3388313708787,18.113541077816535
-219.19440443146516,194.79670837829389,17.63614471419828
-228.8807551963714,194.6597517645316,17.621749994044194
-214.1482839061374,203.15790401799507,18.514941787815587
-191.23453079915157,200.71351600326497,18.25802625483516
-229.13049509372763,200.6108509611343,18.24723572409357
-273.8310046991371,208.6201934814453,19.089051544671747
-268.47844893626143,220.75491682798386,20.364462362170116
-280.5119179024807,224.95797932685815,20.806222031888183
-304.1736004131726,225.1048832882238,20.821662260404764
-326.3987675478777,233.38987373863287,21.692449845878627
-297.5577302033048,229.26977472982696,21.259409990339236
-170.14734711762367,220.37383986006196,20.324409558879324
-157.4535847268653,224.13255829336958,20.719466785391432
-168.27385084093123,232.03410836182798,21.549953162749944
-152.72250592249657,231.97723875664983,21.543975926387702
-141.0495818329731,228.08716098090107,21.135112276643667
-168.24470146210058,224.4626314791297,20.754158875162148
-169.64029339339731,216.55592059066439,19.923130073763105
150.4288392187208,70.74030093784351,4.597290880362607
151.980646120523,70.51361597778822,4.573465330989734
150.49336717300957,66.5159112693378,4.153289634790099
150.9930124150402,66.11521991083033,4.1111752759766205
151.16960541653808,61.84034188015846,3.6618674897088113
149.1060646986621,61.92631312447841,3.670903431597935
153.2181522266485,65.97478104390743,4.096414556267064
152.555242943385,66.06186710157121,4.105567669760148
155.34303192706585,69.89202399368732,4.508133380853565
147.93181257894128,74.66816636998418,5.010126172834248
146.32708125106296,66.86972056733447,4.190476490485821
146.69216049469355,58.67096306427279,3.328752352997981
146.05893750460652,42.17119503124274,1.5945568518252458
144.04314448308463,27.271889520955057,0.02857674017673162
144.7400122319549,-9.748257696125407,-3.86239752249719
-55.72903638291348,328.7514886907873,31.715359459124784
-19.51158580077788,339.12213091030435,32.80535787882104
-6.470209935137177,334.67226428119403,32.33765804973382
1.4888433344258374,334.9547193788203,32.36734527676708
27.661210855315062,338.300117461265,32.71896078388136
299.28465713823743,350.7384514117287,34.02628236172404
296.41394902042254,342.51043107606813,33.161482576593926
312.999867306912,366.6034920171627,35.69376532201704
350.0134749288778,382.1435076174763,37.327086777704835
510.3471746850709,403.06077708374175,39.52558038880261
546.4280725768633,433.81958659871384,42.75846154055648
614.856078169649,447.900498349533,44.238425001969745
640.5827107045288,438.06009519639406,43.204156953853044
682.7141017952717,458.9709106634971,45.40197222230472
692.7126517930194,508.105672315316,50.56624377068033
44.718735802983886,-1061.3724230870057,-114.39255121281087
33.27108685913934,-920.7337084232565,-99.61082665932997
14.752885704853961,-755.7625224553225,-82.2716563172985
-13.524615322029184,-661.2967968511995,-72.34290846886006
-33.751505175022,-675.4706308106022,-73.83263844794556
-75.2520856365274,-653.020239399873,-71.47300722730586
-83.76757469526099,-609.4843313233359,-66.89719890232448
-84.96020819142846,-627.3636050007278,-68.77638628929265
-86.72692343225575,-545.1458505805654,-60.134952085700206
-89.96159128678076,-589.3460372605496,-64.78057890530022
-90.54116700153953,-568.5851553144174,-62.59852228491104
-88.05605027911402,-554.8415760857906,-61.15401390027296
-88.7016513259785,-552.5885044148059,-60.91720652529523
-77.56036873481065,-590.9035222228845,-64.94427717120425
-63.02597003879694,-458.913035383449,-51.07151798960092
1010.979103705485,364.98978384549065,35.52415775869122
986.301321306368,367.5091951000291,35.78895855191945
1004.9272542153219,357.16154648667015,34.701376857614605
1022.0460559275803,360.4065563197105,35.042441134545925
997.9985079700476,343.5855702123092,33.274484253312494
1003.7672685625762,363.79436883770654,35.39851457847294
1005.3184735744506,355.55293582450497,34.53230506412774
981.6637660000375,372.283444955405,36.29075243193597
994.4777471739645,360.50854803022173,35.05316089528219
1002.3229495914113,367.29157408867025,35.766085661942725
974.1249770527539,372.026519691682,36.263748498571886
966.7258089959089,379.5956402744096,37.059295129053226
934.3527174445667,384.7847445266033,37.604691963194
941.9651038315645,381.55469479446833,37.26520005622797
970.8773204745005,395.79599297255663,38.76202081042652
1214.060493955956,-3371.657464070749,-357.2132936911395
999.3543966472887,-3245.4705401644364,-343.9505135534383
1182.0315082810203,-3592.0381878782496,-380.37624113422305
1088.0243216943106,-3441.376980607434,-364.5411101598204
1139.5461432954123,-3832.7213273321972,-405.67305844787234
1072.7839598273424,-3868.633931915725,-409.44762528902254
979.2213145884464,-3636.874212027353,-385.08869716476795
1107.223614027568,-3901.9678661249404,-412.9511629524786
1040.6902280211432,-3686.0808528153616,-390.2605235147846
1086.7838734487816,-3674.170248352877,-389.00866854120295
1100.541360634243,-3090.0868971474674,-327.619034581345
1089.8252069076343,-3105.698567666001,-329.2598872724152
1193.4801429982717,-3163.8989090774508,-335.37698964866684
1172.6777361278694,-2983.300773782555,-316.3953607480896
1001.2993190178913,-2346.453082392065,-249.45997116378066
902.1209946813324,292.72384662890784,27.928701691785363
867.764624933542,284.5733140214668,27.072046195072062
852.7022489110185,287.93429409619205,27.425299435569286
840.2240334506494,277.957809260075,26.376728626229806
840.3034420797851,267.7442996073636,25.303245504803044
827.5530381838487,277.5782239595238,26.33683260349744
827.9494565164193,278.0008269839857,26.381249971204397
828.1841033094835,283.39728787143525,26.948440865920702
813.977212625796,266.70403524458675,25.193909314479242
815.1558768088189,272.80967515148507,25.8356379277011
814.2449546643545,271.9330985518284,25.74350601454239
802.0747077184046,267.01487310812837,25.226579690418248
789.6698556680857,277.2136167131636,26.298510837696313
801.8765697656452,276.6562935129697,26.239933808944215
802.294917256349,282.20257656785253,26.82287164799436
-130.08922979635122,291.4017288976178,27.78974151870682
-130.1616482915777,291.6600590720238,27.81689311413379
-130.70264201687672,311.6013307607691,29.912805225204465
-129.19320153560273,288.69216755609216,27.504955146000384
-130.16073849761966,328.1510807499056,31.65225404165085
-131.18641655230613,296.648162621865,28.341163923165936
-130.68997799714623,294.86797960295337,28.15405914833036
-129.41615854748895,272.98314362484973,25.85387019893699
-128.59940695291778,287.53088103309403,27.382899014076315
-129.58335834103588,291.061528446711,27.753985010477322
-111.65531708442374,288.16808092048575,27.449871420952036
-77.70096583064503,275.8973124425153,26.160161683952765
-94.64065188341937,288.1071837362591,27.443470868974032
-77.48196176547569,307.561244830865,29.488175083134365
-94.34105968133896,320.177688080145,30.81421670262273
-44.90821486558349,46.89556520650993,2.0911081662087554
-46.611580513996294,43.36277660123338,1.7197971214958443
-46.60670400118759,43.25854056089676,1.7088414721890786
-44.07410606425318,43.79505354995409,1.7652312596140973
-44.95654716888314,43.42357987860837,1.7261878034660185
-44.12805812135594,44.91841195989441,1.8833009862200925
-43.111626386020916,47.538157205798456,2.1586473068817895
-40.394375591790364,46.686274710860275,2.069110848715127
-43.21185029480319,45.10182367247681,1.9025783340099451
-44.94283680657939,42.608129031471194,1.640480465780911
-46.59776506224517,42.74808709952646,1.6551906514930579
-45.79281234741211,43.20917101860452,1.7036525242010612
-44.99923299111925,44.101286954034165,1.7974176873627812
-45.001884303059605,44.08247788769362,1.7954407748289896
-44.25181876368886,43.75488786042537,1.7610096755322502
749.0368471475344,291.60087897014665,27.81067303478312
772.0268879732982,317.196705088685,30.500902764965304
748.1354223553491,306.35969786212274,29.361887407849053
760.0087280273438,333.50920782582733,32.21541589042181
747.4234324820425,344.95624695648576,33.41854818430602
760.0087280273438,345.069733471271,33.4304760976554
772.3118281461459,342.17365352696663,33.12608582984126
771.9215182014265,324.7083786900431,31.290411474401253
748.2001695711091,323.75928674992116,31.1906578918381
748.8142139578727,323.3659399883941,31.14931548127356
782.6791307595198,312.064703056541,29.961507615994833
782.8280435408881,317.23215736789126,30.50462894965972
771.4516522593009,317.3929982739735,30.52153401009309
793.4569326499978,324.04253932516787,31.220428937146607
793.6642936038115,333.31365731431106,32.194862703453055
791.4032793084978,332.27410576073737,32.08560143239538
792.7797884214368,357.4566290419208,34.73239128392447
743.1477547263487,357.19807076638256,34.70521571410245
701.5997390610248,349.06208754026886,33.850089418986954
701.1093549125148,330.11224742777773,31.85838096555699
688.2561865221994,343.8276387080855,33.29992667744341
673.9282671030085,335.15158540665567,32.38803673007237
672.6196414968027,341.77198210240323,33.083868461934344
644.878223100879,331.2925177930516,31.98243237970587
652.0882034241462,364.1952080540607,35.440644477772594
728.5151676911362,343.04456438971806,33.217622250055
676.482108387278,335.75070201193535,32.45100642270518
664.0477556218679,325.3548172081393,31.35835490049203
688.941344100695,321.8417726244779,30.989119036071997
703.120953252305,320.72972742320144,30.872238375611232
-45.90743633976975,124.68240936648883,10.266834935373481
-49.8855272886555,100.59662417382759,7.735316901925557
-38.64205941294252,119.06767807487526,9.676702896746292
-37.85168000059615,132.37063234635625,11.074899732224537
-41.73373980070636,153.8244083016711,13.329782447569073
-27.76696810601875,181.6429307140368,16.253626971941742
-40.36290757581434,132.73410326421987,11.113102065087844
-44.323557871566926,131.8215056462293,11.017184190343642
-40.46811580396782,138.8565768822469,11.756599972644949
-48.329719157685005,131.67103032702067,11.001368596991881
-48.390541105940024,131.03964992938901,10.9350078431371
-51.87241744995117,128.66912544364908,10.685855679884924
-50.06434818673139,127.47239517257935,10.560074259924818
-50.05749504884512,121.4610703301601,9.928258559428741
-48.26305176142896,124.4625302910718,10.243724713300821
714.1038770333528,389.2180563426514,38.07065181131429
705.310562632904,411.57793964788345,40.42077024674063
685.6225122440402,456.8703741154046,45.181196934770014
680.7671411960392,534.256490387743,53.31480550575475
709.6842048887015,501.143807554977,49.834522299021955
672.8099127492089,473.6190359723777,46.9415522309705
743.0235381102998,466.03948381160365,46.14490919745617
741.9679216136548,468.05947900195224,46.35721924717791
780.9280840386108,469.2698334920836,46.48443263026343
755.1810080197292,467.85643781924534,46.33587875894227
768.2109985351562,466.60600256363443,46.20445271765175
755.7952069199562,452.39444544037747,44.71075787427776
694.2110928664779,403.2267536341503,39.54302522720559
693.5618310249463,373.59202203584175,36.42828942526171
693.5002187591339,361.69052149936056,35.17739131286089
-48.69751458573919,93.74589566921796,7.015276321435749
-48.28132705150173,101.88521702630615,7.870753468254122
-47.87794440535187,105.14817447669269,8.213704115781411
-49.059660999855176,104.30621870530645,8.125210998302464
-48.622424891558886,107.0478998999888,8.41337330361182
-49.03187834490494,106.4919374372122,8.354939294125245
-50.34696578979492,93.8268580289504,7.02378580834079
-49.4583114973098,82.7701969212613,5.861683898025376
-48.62020531047901,84.5682373772077,6.050665565124405
-49.91721648864956,79.74985693520848,5.544233373548934
-49.49912118408696,79.72952652228261,5.542096561045753
-50.34696578979492,77.82818293014834,5.342257296817195
-50.7806539991871,77.8321064362743,5.342669673928128
-50.34696578979492,81.64146186992855,5.743049063637443
-47.138839489323345,79.76194002375148,5.545503357329949
727.6097537344122,254.82727212098322,23.945611208941045
710.4102715306454,277.7994199017398,26.360081233847495
724.9968298977078,267.0502243318454,25.23029525375273
745.6220290968429,295.37188611325024,28.20702185674031
729.5942385266846,311.54853719265265,29.907256397600804
885.7606113933309,275.61254476215885,26.130231394680322
667.1521432824792,256.01877039603266,24.070842723960368
649.4429042840044,231.62363986211707,21.5068111849871
562.5193280583114,231.80911789750502,21.52630571205509
574.6026615855043,231.55665019302828,21.49977028704666
607.7697518260145,237.6443501230069,22.139613332714134
602.6990772084836,236.87583947946902,22.058839609231654
632.483932579315,237.92949596911242,22.169583368808162
685.1778602938084,254.76345906339137,23.938904186323043
683.1543943623819,249.23777914663273,23.35813182434913
-39.11957405482209,68.29954535636206,4.340757131500538
-41.20145340436333,67.33023987555973,4.238879020201921
-41.143686217255286,68.25836084775943,4.336428465219058
-43.51307808975943,69.10674247060521,4.425596966901708
-42.60731467605838,65.59681061513592,4.05668826339803
-43.96760292874659,67.36496142918828,4.242528402543314
-44.400379637820166,66.51500014769037,4.1531938720460175
-44.86767692787651,66.50793404052389,4.1524511942560025
-43.97121603598222,65.59730168512168,4.056739876933307
-44.41395912563515,67.38282110473028,4.244405530083327
-44.450803724156984,69.02748969666955,4.417267164704526
-43.49505047868457,66.49997113252584,4.151614258900452
-45.79273223876958,69.89644984926797,4.508598557019695
-46.279274533798954,66.62230324434672,4.164471881961731
-46.64028789577886,68.02822215385697,4.312239913791359
948.8678838543306,247.42366504857918,23.167460749388283
946.9457372529819,250.88714083870053,23.53148672367024
915.74169921875,242.05122907453892,22.602794974823155
948.1839397430298,235.92720224366545,21.959133818017563
915.74169921875,270.0679116072689,25.547466967107084
998.2354084613825,273.35981069782855,25.893459503591885
1081.832792667383,289.9662853095269,27.638870318113277
1197.9098588558418,230.3687611043721,21.37491811280279
1368.3519279583002,236.86228837126527,22.05741533036644
1667.8898260563083,231.61267802800162,21.505659049794986
1840.815665993923,279.58250586985963,26.54749112093964
1934.8369912804644,271.606869737065,25.70921798444533
1784.2477017187746,262.6213632020587,24.76480319160828
1411.5860368339393,273.1064069992104,25.86682570163498
1550.6251232985883,307.0916533352001,29.438819028095168
-34.36006954588524,79.92547101650275,5.562691157265306
-29.824645364144633,82.17931641784511,5.799579854580429
-31.129641971249107,89.08678215935129,6.52558375896524
-32.952788539495124,84.56472921151077,6.05029684205158
-32.57870616877829,76.67695201845622,5.221258052229473
-42.28117927130527,51.22160697343599,2.545793477848804
-37.26561937586242,57.17833166741196,3.1718704714973
-31.183188414206793,66.5340357982661,4.155194599542597
-39.85476678837291,58.05318289677157,3.2638210409303383
-39.4825983365306,59.81873976040451,3.4493885449006143
-31.83913230895996,63.63195037841797,3.8501731308138574
-19.884855791423586,104.16572058445246,8.110444050753756
-23.95752907453459,57.95026029479646,3.253003439558256
-23.368511232361346,68.72804909163716,4.385794688905094
-24.643948966149015,64.62673216013471,3.9547289092373035
-56.55657025457431,62.74257260890194,3.7566957604864797
-56.18545207540645,65.47977275654247,4.044387088773419
-60.18654547420725,60.74787867346319,3.5470449798131085
-66.33729184955652,68.24787570598986,4.335326432411705
-78.21649044005831,86.83034526715787,6.288422684985903
-71.99743658128506,68.00700197059997,4.310009582657926
-95.44547399352808,49.43173899017371,2.35767077224142
-103.43854531739056,49.91717820609733,2.40869248979908
-105.86120118722688,50.77560534776986,2.498916818055818
-87.38597836142573,47.44326965742674,2.1486742236737655
-80.337157930162,42.138387720809845,1.5911086645509727
-80.95695924078518,60.73637247290893,3.5458356294030864
-79.99582701950094,74.19998087343062,4.960917894256397
-70.7629011128156,64.67108899792883,3.9593910007525324
-63.18796665228399,60.73820590290459,3.546028330660647
621.5950939223039,208.94338585326477,19.123020431755094
566.4740043984866,213.15226373800462,19.565391323157655
589.8872094169944,231.34196913443847,21.477206398557655
513.8634512119013,237.5041579538256,22.124878541981843
729.9100466048408,217.95233154296875,20.06989877902174
992.4080811145247,248.5019236749717,23.280790297734256
1098.4254777205872,222.72865422544686,20.57191052194571
1133.3223496959586,194.34164593905308,17.588315724523454
1103.92005723578,203.86689897436392,18.589460160512317
1063.683246538851,233.53357692921122,21.7075536598295
1111.9210450936873,213.41920164893105,19.59344762814908
979.2836838052767,257.78118144594515,24.256079589585397
941.128495852627,256.2934842451785,24.09971631299186
731.8026117857344,241.49781924620362,22.5446292580275
629.5567984537964,251.7898217141747,23.626362306776173
-28.007797149442514,80.71881018342609,5.646074463710988
-26.755477506893115,77.37568732435251,5.2946980922088756
-29.52346740180674,76.31130213121925,5.182826700456474
-28.765381188590133,74.606442034313,5.003638683736256
-29.86852807676263,79.97219594579208,5.567602145226033
-29.241631186712745,74.5286602462425,4.995463488383507
-28.534933871881993,66.36801434095646,4.137745041234439
-29.744077990422653,65.39685306548304,4.035671878056121
-33.40609562228521,98.07061509593969,7.4698226495199265
-30.60443360600555,70.83631896972656,4.607382782175364
-28.760521008870708,70.83631896972656,4.607382782175364
-25.56733577215614,76.99248155273139,5.2544215426331675
-25.2554107545029,77.07115296120199,5.262690240857808
-26.973718446129215,76.19159439791386,5.17024491069202
-22.116752835257024,83.23570896425778,5.910611185311495
398.2217418487103,272.70814280663296,25.824966448240502
451.52168120422203,273.02907616398875,25.85869790333686
312.7985905690831,266.7352036850056,25.197185249573522
262.1301603824271,290.59916934184963,27.705389110342594
335.2769537485841,295.6675897932201,28.238101565888655
417.11947487089657,262.06998083237215,24.706850569303697
287.8206213174865,277.7942774049044,26.359540735650626
156.46470183264216,241.01616209838076,22.49400505184508
185.57806695566057,236.40188694710787,22.009025190765442
175.43926877462786,236.4737436021283,22.016577629539825
38.175399269363766,227.2154083251953,21.043487380424722
230.0946931482648,337.2456238607051,32.60812904040199
238.05702527614199,284.1432240254581,27.02684191494609
710.2201875722566,249.70855186805827,23.407612031218378
697.1107592361243,291.47658097703635,27.797608789271862
104.56070949448083,83.61864844920389,5.950859747029824
111.79222007214383,84.4905466470085,6.042499940339553
109.5871574790145,82.28823129661416,5.811027269622457
121.59421179958332,76.9383316317434,5.248730156598128
119.14757626592623,81.31237037112643,5.708460153323472
145.13869654698289,80.7713394165039,5.651595508582773
111.12833544106084,85.21613583292073,6.118762436841905
110.40059169244877,115.41456540624216,9.292745283370209
131.63585359948877,70.98579264972498,4.623093099003995
131.24283333795978,70.3876688243627,4.56022775174506
132.98172562859577,67.39815156184842,4.2460168260549835
118.29035389497118,88.31175525134313,6.444125148488695
111.41072446067207,87.81114880270125,6.3915092905351685
116.19541844763243,83.20756346959436,5.907652974618657
113.58756256103516,91.99251739365396,6.830988838651194
822.4578330655157,384.3118863677223,37.55499256801568
850.5348725255323,289.38273380653783,27.577536583653682
870.8145304490112,335.1528565582887,32.38817033349255
909.1029663085938,310.02437458860885,29.747060452681808
589.4533831424835,154.70019258544605,13.421831084972837
659.7388667208854,184.83801923456474,16.589444307497843
632.124968364583,192.6062905564179,17.405922524117614
725.9048642277232,232.6745053189718,21.617261595196624
682.8517239568398,217.45690221141246,20.017827057999966
714.011924729683,237.57386831110148,22.132205395773326
683.54984847851,268.2786503088509,25.35940802664618
727.997987522126,312.4572889389715,30.002770054943767
719.633634391254,321.07769965122344,30.908811730530942
724.9904230669532,321.6659274492806,30.97063696340797
760.6388614354805,309.9369444200583,29.737871171677398
720.909929045585,306.3255300858359,29.358296229851703
776.1496070151438,302.1071088852254,28.914922295532733
381.5589808302552,329.62851500341793,31.807538639021686
365.9038167078061,339.34793156834655,32.82909048430702
347.8973299094765,336.47060806961974,32.52667159836142
377.75380453049695,324.75219885836736,31.295017159682402
539.4051173241234,302.5739468832069,28.963988946303743
857.8865138175249,311.84207786087404,29.938108765053585
1114.9778766140705,303.40497963427936,29.051334008086087
1283.8789705373715,267.7020798888291,25.298808033573096
1303.3821344423443,252.9598560788689,23.749337873912054
1291.5395973726863,272.4322476441515,25.79596869817442
1519.7220553092616,322.6438604897379,31.073421867766456
1731.9151566935302,354.5650226849889,34.42847120908982
1688.2220595691879,372.61972895324595,36.32609730436138
-8.404724213114703,53.27354989598379,2.7614613695319576
-7.22040786421226,47.60522910220879,2.1656968472617564
-6.895444190892968,49.95867447626048,2.4130539235409856
-6.773727956645458,52.368582585963836,2.6663454724718463
-6.662913468315345,51.5585923638881,2.5812120696079432
-6.505850791931156,55.17007408363449,2.9607940939378636
-6.356069592360979,55.51514582101508,2.997062595007037
-6.234286004669687,49.50605413249219,2.365481608443531
-6.421586187261253,43.07884215160127,1.6899544083016167
-6.561610516237852,46.46514744168597,2.0458694361920493
-6.533024467669552,45.58529670557291,1.953393397424918
-6.50585079193115,45.626454819129926,1.9577192894753352
-6.533826462066214,44.78217201513564,1.8689815910135508
-6.450383111115628,43.93466107911744,1.7799046022040557
-6.3952921871968424,43.37396199231036,1.7209727534710737
773.3341136294031,343.41621176549097,33.2566839632741
733.8943318475857,387.2055373873753,37.85912754556216
733.5670509605717,331.8105332482179,32.036877997976944
637.196175332946,352.0902678134308,34.16836399084468
752.1638557105264,266.12774658203125,25.133338935308984
