Frame ID,Hand ID,Hand Type,Palm Position X,Palm Position Y,Palm Position Z,Hand Shape,TipPosition X,TipPosition Y,TipPosition Z,PointDirection X,PointDirection Y,PointDirection Z,Intersection X,Intersection Y,Intersection Z
1197,2,left,113.303383,124.196426,-60.115997,Index-Point,117.878433,77.292831,-101.923355,17.668823,-38.285278,-24.029663,287.052002,-289.276917,-332.000000
1198,2,left,113.935921,121.667671,-56.015495,Index-Point,122.374779,76.848534,-89.384361,20.641281,-33.804276,-16.753471,421.291779,-412.688538,-332.000000
1217,2,left,82.345421,89.849014,3.849405,Index-Point,62.435886,56.599800,-39.881756,-17.213047,-31.762054,-18.284832,-212.559570,-450.830414,-332.000000
1307,4,left,43.787613,126.785583,7.535120,Index-Point,22.033485,151.464554,-70.552643,-0.279297,28.429527,-64.201912,20.896114,267.237183,-332.000000
1308,4,left,42.087017,128.007141,4.932135,Index-Point,17.363968,152.782745,-74.569687,-3.453051,29.946869,-65.818558,3.858356,269.911285,-332.000000
1363,4,left,-48.912170,290.231842,-29.810675,Index-Point,-45.257545,288.447144,-77.663231,-3.392868,-13.240753,-27.216812,-76.963356,164.714417,-332.000000
1364,4,left,-50.299664,290.442505,-30.979006,Index-Point,-47.613655,289.299500,-81.709763,-4.464790,-12.690369,-30.210941,-84.603348,184.162903,-332.000000
1365,4,left,-51.696743,290.544495,-31.927052,Index-Point,-49.397720,290.085327,-83.882179,-4.837982,-12.102692,-31.551296,-87.443375,194.910370,-332.000000
1366,4,left,-53.190338,290.671234,-32.950043,Index-Point,-51.670010,290.632263,-86.428345,-5.568829,-11.736511,-33.132942,-92.944534,203.644684,-332.000000
1367,4,left,-54.699169,290.865631,-34.109795,Index-Point,-53.744106,291.610474,-88.983421,-6.015579,-11.040070,-34.573502,-96.027512,214.010010,-332.000000
1368,4,left,-56.068932,291.024445,-35.086517,Index-Point,-55.648369,292.277649,-91.137215,-6.430908,-10.662811,-35.808784,-98.904976,220.555740,-332.000000
1369,4,left,-57.261600,291.384338,-35.854664,Index-Point,-57.001740,293.023254,-92.244308,-6.475922,-10.377533,-36.195393,-99.897781,224.283218,-332.000000
1370,4,left,-58.547348,291.802307,-36.485180,Index-Point,-58.443516,293.896667,-93.510841,-6.569450,-10.026154,-36.875126,-100.931305,229.052704,-332.000000
1371,4,left,-59.419590,292.054352,-36.884495,Index-Point,-59.644512,294.318329,-94.556747,-6.867569,-9.981384,-37.591869,-103.022453,231.272446,-332.000000
1372,4,left,-60.326176,292.296021,-37.242783,Index-Point,-60.581532,294.851746,-95.150543,-6.861065,-9.738251,-37.867306,-103.495583,233.941696,-332.000000
1373,4,left,-61.277798,292.544922,-37.517372,Index-Point,-61.393826,295.365417,-95.382584,-6.671402,-9.550507,-37.853619,-103.095779,235.666595,-332.000000
1374,4,left,-62.188480,292.766541,-37.801945,Index-Point,-62.051640,295.811676,-95.648926,-6.366932,-9.389984,-37.881542,-101.776291,237.225555,-332.000000
1375,4,left,-62.877487,292.944244,-38.309044,Index-Point,-62.153519,295.983826,-95.570312,-5.798664,-9.425446,-37.341610,-98.867958,236.306290,-332.000000
1376,4,left,-63.488949,293.187927,-38.898869,Index-Point,-62.257851,296.218445,-95.505569,-5.317585,-9.505890,-36.750835,-96.476913,235.047318,-332.000000
1377,4,left,-63.695248,293.234406,-39.400017,Index-Point,-61.826900,296.166840,-95.407280,-4.665070,-9.701080,-36.204678,-92.312500,232.771576,-332.000000
1378,4,left,-63.696407,293.304871,-40.004658,Index-Point,-61.395931,296.210114,-95.761757,-4.191616,-9.791199,-35.946957,-88.942635,231.863754,-332.000000
1379,4,left,-63.503567,293.249451,-40.427696,Index-Point,-61.120861,296.128021,-95.915237,-4.035789,-9.910828,-35.673027,-87.829788,230.537979,-332.000000
1380,4,left,-63.026505,293.132294,-40.893311,Index-Point,-60.071568,295.945618,-95.471962,-3.394428,-10.040009,-34.753143,-83.173866,227.613861,-332.000000
1381,4,left,-62.254368,292.993317,-41.362381,Index-Point,-58.920982,295.738190,-95.386322,-2.941811,-10.130829,-34.170044,-79.291824,225.586304,-332.000000
1382,4,left,-61.303818,292.962646,-41.951366,Index-Point,-57.125980,295.934082,-95.271278,-1.967304,-10.003143,-33.408348,-71.066132,225.052643,-332.000000
1383,4,left,-60.378304,292.891968,-42.331062,Index-Point,-55.974686,295.914825,-95.127724,-1.727707,-9.955475,-32.827698,-68.441170,224.079865,-332.000000
1384,4,left,-59.467163,292.861969,-42.673042,Index-Point,-54.855911,295.941803,-95.368889,-1.529179,-9.899628,-32.689106,-65.925385,224.280014,-332.000000
1385,4,left,-58.525665,292.613190,-42.961937,Index-Point,-53.612640,295.815430,-95.486298,-1.277466,-9.823853,-32.525837,-62.901814,224.380646,-332.000000
1386,4,left,-57.528950,292.272064,-43.216362,Index-Point,-52.313931,295.753387,-95.540581,-1.046757,-9.613953,-32.350739,-59.964931,225.482666,-332.000000
1387,4,left,-56.444500,291.867157,-43.521942,Index-Point,-50.762814,295.386536,-95.532867,-0.714195,-9.600006,-32.057110,-56.031029,224.572723,-332.000000
1388,4,left,-55.249870,291.523438,-43.862385,Index-Point,-49.342907,295.114227,-95.497223,-0.601612,-9.557983,-31.721745,-53.828251,223.854279,-332.000000
1389,4,left,-53.829315,291.018677,-44.208794,Index-Point,-47.764175,294.745514,-95.902924,-0.568306,-9.446625,-31.823547,-51.980404,224.661545,-332.000000
1390,4,left,-52.232613,290.737244,-44.431087,Index-Point,-46.216228,294.514557,-96.168983,-0.790112,-9.409058,-31.974861,-52.043709,225.117920,-332.000000
1391,4,left,-50.485844,290.234741,-44.406437,Index-Point,-44.546413,294.196564,-96.385597,-0.980068,-9.243561,-32.275085,-51.701103,226.716766,-332.000000
1392,4,left,-49.180237,289.397888,-43.849030,Index-Point,-43.256985,293.506439,-95.977280,-1.056644,-9.081451,-32.472458,-50.937096,227.498840,-332.000000
1393,4,left,-47.631432,288.804535,-43.503345,Index-Point,-41.653835,293.080231,-95.660583,-1.169064,-8.860626,-32.582851,-50.133629,228.809753,-332.000000
1394,4,left,-45.841785,288.321075,-43.219265,Index-Point,-39.813583,292.615723,-95.154282,-1.305885,-8.792358,-32.455994,-49.343204,228.454010,-332.000000
1395,4,left,-43.815239,287.709106,-42.938175,Index-Point,-37.734268,292.037415,-94.745621,-1.392651,-8.772034,-32.440109,-47.919575,227.882172,-332.000000
1396,4,left,-41.436398,286.748474,-42.490974,Index-Point,-35.417149,291.096191,-94.938278,-1.482475,-8.782898,-33.101192,-46.034233,228.195465,-332.000000
1397,4,left,-38.761230,285.467590,-41.765709,Index-Point,-32.752781,289.858887,-95.107155,-1.481123,-8.774963,-33.944466,-43.089294,228.619858,-332.000031
1398,4,left,-35.972675,284.116821,-41.071339,Index-Point,-29.197771,288.820740,-94.755211,-0.622686,-8.436646,-34.169090,-33.521244,230.242935,-332.000000
1399,4,left,-32.767857,282.223297,-40.250851,Index-Point,-25.311380,286.419739,-93.338409,-0.043259,-8.925110,-33.497173,-25.619591,222.829865,-332.000000
1400,4,left,-28.951166,279.617889,-39.651897,Index-Point,-20.962551,283.224731,-91.313515,0.316582,-9.433990,-32.010357,-18.582167,212.290375,-332.000000
1401,4,left,-24.736540,276.689697,-39.113945,Index-Point,-15.460392,279.303314,-87.896324,1.395910,-10.352661,-29.159679,-3.774845,192.638351,-332.000000
1402,4,left,-20.218716,273.260498,-38.525406,Index-Point,-9.832599,275.397339,-86.011269,2.377455,-10.830139,-27.871685,11.150241,179.813141,-332.000000
1403,4,left,-17.365913,270.011871,-37.786472,Index-Point,-5.686564,272.325409,-84.191277,3.560536,-10.477173,-26.712219,27.344456,175.128891,-332.000000
1637,4,left,-47.476265,265.759644,-37.513039,Index-Point,-43.796047,274.431305,-85.467270,1.327538,-6.170044,-29.456329,-32.685310,222.791550,-332.000000
2068,5,left,-7.413492,275.707336,-10.395753,Index-Point,-11.472204,303.276550,-62.706306,11.861666,26.541687,-30.147110,94.483955,540.364258,-332.000000
2069,5,left,-7.281063,276.033691,-10.300555,Index-Point,-11.383492,303.470703,-63.095078,11.804324,26.432526,-30.606682,92.327217,535.702209,-332.000000
2070,5,left,-7.145105,276.315948,-10.191390,Index-Point,-11.302907,303.594849,-63.493824,11.729077,26.284515,-31.082066,90.020134,530.656799,-332.000000
2071,5,left,-6.989642,276.550781,-10.109789,Index-Point,-11.157008,303.670258,-63.803299,11.693818,26.140503,-31.442490,88.588394,526.642334,-332.000000
2072,5,left,-6.816811,276.664185,-10.057497,Index-Point,-11.039486,303.523926,-64.538841,11.611980,25.907196,-32.193874,85.430832,518.756409,-332.000000
2073,5,left,-6.679798,276.675201,-10.044988,Index-Point,-10.965605,303.330170,-65.070717,11.530764,25.732452,-32.709919,83.131187,513.319824,-332.000000
2074,5,left,-6.595029,276.612213,-10.016811,Index-Point,-10.883933,303.121735,-65.463860,11.514144,25.593384,-33.111191,81.801811,509.141541,-332.000000
2075,5,left,-6.546139,276.547058,-10.018672,Index-Point,-10.849728,302.975128,-65.701767,11.483814,25.528198,-33.333511,80.893356,506.917450,-332.000000
2076,5,left,-6.522743,276.425964,-10.038469,Index-Point,-10.858497,302.788910,-66.074364,11.434108,25.467163,-33.668728,79.451485,503.936157,-332.000000
2077,5,left,-6.578616,276.357697,-10.094803,Index-Point,-10.981401,302.557281,-66.755783,11.349085,25.301331,-34.278454,76.836998,498.337158,-332.000000
2078,5,left,-6.649786,276.360199,-10.157317,Index-Point,-11.142396,302.432739,-67.185822,11.231938,25.190948,-34.625244,74.759567,495.093323,-332.000000
2079,5,left,-6.757237,276.347687,-10.179925,Index-Point,-11.352580,302.237000,-67.776344,11.113933,25.013123,-35.175621,72.130356,490.124481,-332.000000
2080,5,left,-6.924425,276.288055,-10.302800,Index-Point,-11.737207,301.973755,-68.654770,10.879303,24.833832,-35.922531,68.018097,484.028595,-332.000000
2081,5,left,-7.226872,276.002045,-10.463058,Index-Point,-12.195101,301.539673,-69.190392,10.721403,24.702881,-36.291252,65.445862,480.429993,-332.000000
2082,5,left,-7.614168,275.858795,-10.593009,Index-Point,-12.744534,301.349579,-69.512253,10.553479,24.669067,-36.476196,63.199757,478.871582,-332.000000
2083,5,left,-8.579492,275.311005,-10.925865,Index-Point,-14.321778,300.635284,-70.471375,9.993209,24.616150,-37.148426,56.031410,473.935425,-332.000000
2084,5,left,-9.250391,275.143219,-11.110344,Index-Point,-15.000191,300.181549,-70.922607,9.980808,24.378296,-37.419067,54.637123,470.271912,-332.000000
2085,5,left,-10.407702,274.375000,-11.631085,Index-Point,-17.157400,299.134125,-72.714394,9.045553,24.252930,-38.730240,43.399460,461.499146,-332.000000
2086,5,left,-11.755235,273.547577,-12.323470,Index-Point,-19.456083,298.107056,-74.083588,8.168180,24.223816,-39.454624,33.939629,456.459076,-332.000000
2087,5,left,-13.499443,271.901764,-13.338013,Index-Point,-23.902586,296.479645,-76.624329,5.658825,24.560822,-41.090385,11.266863,449.124512,-332.000000
2088,5,left,-15.786213,269.611603,-14.614459,Index-Point,-29.271036,293.045349,-80.455063,2.883204,24.074829,-43.946320,-12.767828,430.847595,-332.000000
2089,5,left,-18.878277,267.355713,-16.185438,Index-Point,-34.798058,290.083954,-82.936714,0.892300,24.053650,-45.509571,-29.914709,421.723999,-332.000000
2090,5,left,-22.817270,265.256165,-17.567566,Index-Point,-43.405819,287.644226,-84.270630,-3.194359,24.122772,-46.208305,-60.531235,416.969879,-332.000000
2091,5,left,-27.692059,263.492645,-18.586731,Index-Point,-50.151375,285.559052,-81.320145,-4.554630,23.978973,-42.882828,-76.776344,425.732788,-332.000000
2092,5,left,-33.000187,261.314545,-19.200455,Index-Point,-58.180611,283.010345,-79.444664,-6.760540,23.608887,-41.031754,-99.792542,428.325867,-332.000000
2093,5,left,-38.147289,258.837616,-19.381628,Index-Point,-66.063370,279.274597,-78.957016,-8.715134,22.408447,-41.185196,-119.609390,416.952698,-332.000000
2094,5,left,-43.235744,256.243927,-19.192619,Index-Point,-72.187111,275.651459,-77.789307,-9.131737,21.676605,-40.922363,-128.913681,410.307037,-332.000000
2095,5,left,-47.922695,253.911179,-18.870674,Index-Point,-78.578789,272.431580,-76.617851,-10.379860,21.460678,-40.752678,-143.625580,406.917786,-332.000000
2096,5,left,-52.517410,251.406570,-18.368380,Index-Point,-84.599503,269.438538,-75.197868,-11.515312,21.635452,-40.334709,-157.914932,407.186646,-332.000000
2097,5,left,-57.149433,249.310135,-17.617466,Index-Point,-90.075539,267.131104,-73.047142,-12.213585,22.116653,-39.239567,-170.676392,413.085083,-332.000000
2098,5,left,-61.890671,247.430649,-16.929327,Index-Point,-95.162704,265.054352,-70.578468,-12.444412,22.691330,-37.816231,-181.190247,421.918274,-332.000000
2099,5,left,-66.061722,246.339386,-16.198595,Index-Point,-100.173264,264.032532,-68.611794,-13.204559,23.487595,-36.802696,-194.675171,432.127686,-332.000000
2100,5,left,-68.090088,245.210999,-15.333535,Index-Point,-103.167725,262.729218,-67.262764,-14.022873,23.736145,-36.441170,-205.040863,435.167175,-332.000000
2101,5,left,-71.946625,244.353592,-14.941017,Index-Point,-107.440651,262.633453,-65.247253,-14.409431,24.795761,-35.050240,-217.104828,451.343628,-332.000000
2102,5,left,-75.919090,243.643188,-14.439135,Index-Point,-113.020287,261.650024,-64.708260,-16.016678,24.915848,-35.257015,-234.446503,450.542938,-332.000000
2103,5,left,-80.452484,242.053757,-13.557652,Index-Point,-118.075539,260.361328,-61.791492,-16.490646,25.681961,-33.498367,-251.094330,467.520203,-332.000000
2104,5,left,-82.696167,242.163223,-13.241740,Index-Point,-122.329933,258.980164,-63.250675,-18.624916,24.687469,-35.394260,-263.749298,446.432617,-332.000000
2105,5,left,-85.684387,241.996719,-12.949317,Index-Point,-125.666100,258.985199,-62.644199,-18.841019,24.938797,-35.275005,-269.533905,449.414917,-332.000000
2106,5,left,-88.399910,242.039810,-12.720869,Index-Point,-128.647629,258.950073,-61.565750,-19.191818,25.252701,-34.509640,-279.044006,456.842468,-332.000000
2107,5,left,-90.752281,241.775574,-12.582676,Index-Point,-131.290070,258.796478,-60.634602,-19.489746,25.554398,-33.788063,-287.819977,464.033997,-332.000000
2108,5,left,-92.732445,241.769943,-12.319159,Index-Point,-133.469254,258.863495,-59.907314,-19.783051,25.974548,-33.382271,-294.717224,470.577209,-332.000000
2109,5,left,-94.423683,241.768631,-12.121611,Index-Point,-135.488297,259.017120,-59.285480,-20.187439,26.355606,-33.011734,-302.259521,476.744446,-332.000000
2110,5,left,-95.784973,241.751480,-11.863376,Index-Point,-137.159103,259.040680,-58.845169,-20.539131,26.614105,-32.875881,-307.811951,480.168518,-332.000000
2111,5,left,-96.812752,241.727066,-11.676283,Index-Point,-138.315582,258.814819,-58.602512,-20.728493,26.671188,-32.844410,-310.859955,480.826294,-332.000000
2112,5,left,-97.608322,241.795959,-11.611654,Index-Point,-139.671158,258.298523,-58.868740,-21.368767,26.294052,-33.186768,-315.538788,474.701874,-332.000000
2113,5,left,-98.168282,241.880417,-11.568960,Index-Point,-140.297058,258.300598,-58.845394,-21.477699,26.360321,-33.206593,-316.970764,475.138367,-332.000000
2114,5,left,-98.443939,242.128967,-11.572453,Index-Point,-140.633057,258.424133,-59.019482,-21.562881,26.294678,-33.353600,-317.113159,473.631348,-332.000000
2115,5,left,-98.657257,242.349304,-11.599777,Index-Point,-140.854111,258.614624,-59.073002,-21.591240,26.321930,-33.367142,-317.459961,473.915222,-332.000000
2116,5,left,-98.730232,242.556702,-11.580194,Index-Point,-140.933182,258.665527,-59.242233,-21.616791,26.191025,-33.539814,-316.728638,471.660309,-332.000000
2117,5,left,-98.693604,242.785339,-11.637309,Index-Point,-140.967163,258.758209,-59.589783,-21.697311,26.057877,-33.802704,-315.822083,468.754211,-332.000000
2118,5,left,-98.484497,242.850372,-11.705878,Index-Point,-140.811707,258.430298,-60.244682,-21.755615,25.667969,-34.356709,-312.894653,461.459259,-332.000000
2119,5,left,-98.218697,243.145203,-11.878431,Index-Point,-140.703888,258.319916,-60.983906,-21.928711,25.262436,-34.881306,-311.082642,454.600586,-332.000000
2120,5,left,-97.800308,243.393814,-12.009775,Index-Point,-140.335403,258.171936,-61.775791,-21.976372,24.854111,-35.503952,-307.599823,447.339111,-332.000000
2121,5,left,-97.252113,243.642624,-12.063664,Index-Point,-139.804184,258.076324,-62.514633,-21.979736,24.476578,-36.154003,-303.637146,440.520264,-332.000000
2122,5,left,-96.674561,243.924423,-12.125716,Index-Point,-139.221512,258.201355,-62.947296,-21.963203,24.271225,-36.481911,-301.199280,437.200714,-332.000000
2123,5,left,-96.096245,244.172791,-12.230421,Index-Point,-138.578415,258.291443,-63.354282,-21.877960,24.046890,-36.743759,-298.535400,434.106171,-332.000000
2124,5,left,-95.520874,244.374115,-12.339485,Index-Point,-137.950439,258.305084,-63.810593,-21.798027,23.752365,-37.045769,-295.755249,430.258118,-332.000000
2125,5,left,-94.967232,244.570114,-12.429799,Index-Point,-137.279037,258.443848,-63.995777,-21.652725,23.599014,-37.093597,-293.721710,428.948608,-332.000000
2126,5,left,-94.456261,244.723740,-12.525487,Index-Point,-136.655731,258.526337,-64.309166,-21.506729,23.411865,-37.265617,-291.145447,426.701233,-332.000000
2127,5,left,-94.002541,244.877914,-12.627221,Index-Point,-136.091599,258.621948,-64.616417,-21.373802,23.252609,-37.424866,-288.797668,424.751221,-332.000000
2128,5,left,-93.603020,244.994080,-12.738921,Index-Point,-135.629715,258.712677,-64.869423,-21.288788,23.136475,-37.526276,-287.173828,423.409546,-332.000000
2129,5,left,-93.231133,245.074982,-12.803178,Index-Point,-135.212814,258.819946,-65.092400,-21.225960,23.101181,-37.652966,-285.675598,422.575439,-332.000000
2130,5,left,-92.914124,245.149368,-12.888938,Index-Point,-134.838455,258.951447,-65.221962,-21.164909,23.126663,-37.671429,-284.722168,422.727722,-332.000000
2131,5,left,-92.777313,245.232117,-12.969543,Index-Point,-134.663605,259.181671,-65.258003,-21.150055,23.268234,-37.612038,-284.658356,424.198395,-332.000000
2132,5,left,-92.626045,245.283737,-13.012434,Index-Point,-134.481262,259.302856,-65.298935,-21.127625,23.326706,-37.596760,-284.354797,424.776062,-332.000000
2133,5,left,-92.491386,245.365295,-13.045950,Index-Point,-134.341125,259.462372,-65.355103,-21.126236,23.380630,-37.601009,-284.156311,425.264465,-332.000000
2134,5,left,-92.358871,245.413498,-13.077830,Index-Point,-134.222153,259.561676,-65.420509,-21.147179,23.417877,-37.618515,-284.079346,425.509888,-332.000000
2135,5,left,-92.321732,245.470200,-13.081086,Index-Point,-134.128952,259.757690,-65.431175,-21.073105,23.502777,-37.613899,-283.473572,426.321320,-332.000000
2136,5,left,-92.321106,245.564102,-13.091166,Index-Point,-134.099518,259.870911,-65.466705,-21.045319,23.512543,-37.629467,-283.165619,426.412598,-332.000000
2137,5,left,-92.398338,245.643784,-13.141919,Index-Point,-134.167938,259.958588,-65.518578,-21.048515,23.527756,-37.629330,-283.228210,426.576233,-332.000000
2138,5,left,-92.502335,245.688278,-13.188836,Index-Point,-134.287506,259.938171,-65.647461,-21.069687,23.465347,-37.710106,-283.106079,425.677673,-332.000000
2139,5,left,-92.639656,245.749283,-13.256154,Index-Point,-134.472076,259.899933,-65.821808,-21.127998,23.377319,-37.813904,-283.195496,424.456665,-332.000000
2140,5,left,-92.812843,245.784698,-13.317792,Index-Point,-134.671356,259.875824,-65.986351,-21.156593,23.318268,-37.915714,-283.104340,423.474945,-332.000000
2141,5,left,-93.040863,245.865356,-13.382819,Index-Point,-134.968140,259.863739,-66.166725,-21.228722,23.226562,-38.032448,-283.349365,422.209167,-332.000000
2142,5,left,-93.271133,245.915359,-13.423712,Index-Point,-135.223709,259.858826,-66.288895,-21.254707,23.172165,-38.115761,-283.393707,421.395721,-332.000000
2143,5,left,-93.516029,245.994186,-13.443640,Index-Point,-135.482361,259.921326,-66.356995,-21.267525,23.154526,-38.166332,-283.507324,421.080078,-332.000000
2144,5,left,-93.779915,246.107910,-13.418832,Index-Point,-135.781403,260.032684,-66.367897,-21.300888,23.150253,-38.206104,-283.878143,420.987366,-332.000000
2145,5,left,-94.035728,246.264023,-13.373640,Index-Point,-136.115417,260.148590,-66.413269,-21.376038,23.103104,-38.298393,-284.351196,420.361023,-332.000000
2146,5,left,-94.282547,246.444717,-13.330963,Index-Point,-136.412201,260.260498,-66.414787,-21.426308,23.036240,-38.344662,-284.816437,419.815552,-332.000000
2147,5,left,-94.489578,246.635223,-13.271422,Index-Point,-136.707123,260.329102,-66.413780,-21.520180,22.928986,-38.404602,-285.529480,418.894012,-332.000000
2148,5,left,-94.645279,246.846756,-13.222603,Index-Point,-137.013382,260.330505,-66.446388,-21.685204,22.749603,-38.480637,-286.662262,417.324768,-332.000000
2149,5,left,-94.778137,247.090424,-13.155493,Index-Point,-137.255692,260.337677,-66.561401,-21.802048,22.530518,-38.660439,-286.946289,415.029907,-332.000000
2150,5,left,-94.869728,247.354446,-13.068577,Index-Point,-137.487228,260.475586,-66.593933,-21.950264,22.419739,-38.776215,-287.727081,413.928772,-332.000000
2151,5,left,-94.931725,247.691605,-12.975921,Index-Point,-137.591202,260.734863,-66.599876,-21.998688,22.354401,-38.870438,-287.794159,413.366577,-332.000000
2152,5,left,-94.947205,248.049210,-12.889745,Index-Point,-137.647964,261.076935,-66.512566,-22.049278,22.352310,-38.861282,-288.281342,413.780518,-332.000000
2153,5,left,-94.921257,248.437683,-12.814212,Index-Point,-137.668152,261.416138,-66.495247,-22.104134,22.309265,-38.908348,-288.503479,413.651245,-332.000000
2154,5,left,-94.837601,248.794540,-12.708190,Index-Point,-137.659286,261.753723,-66.520912,-22.179428,22.281235,-39.025150,-288.540833,413.327820,-332.000000
2155,5,left,-94.713318,249.167099,-12.570729,Index-Point,-137.585968,262.080383,-66.541939,-22.224487,22.209778,-39.163803,-288.226837,412.621552,-332.000000
2156,5,left,-94.600769,249.521133,-12.455915,Index-Point,-137.496719,262.404236,-66.576675,-22.236176,22.128830,-39.295986,-287.690186,411.872620,-332.000000
2157,5,left,-94.511581,249.873138,-12.405637,Index-Point,-137.401245,262.762360,-66.533134,-22.218864,22.091858,-39.289558,-287.526917,412.029907,-332.000000
2158,5,left,-94.425980,250.231369,-12.381369,Index-Point,-137.310974,263.106537,-66.542145,-22.205551,22.048523,-39.313786,-287.249146,411.984436,-332.000000
2159,5,left,-94.314522,250.556107,-12.321722,Index-Point,-137.195099,263.417755,-66.568733,-22.186447,21.989273,-39.389305,-286.702087,411.596069,-332.000000
2160,5,left,-94.193336,250.890839,-12.274693,Index-Point,-137.090927,263.737030,-66.615158,-22.190338,21.943512,-39.466652,-286.304993,411.291351,-332.000000
2161,5,left,-94.066887,251.239487,-12.213973,Index-Point,-136.975098,264.054657,-66.707977,-22.184975,21.863373,-39.600189,-285.598053,410.523132,-332.000000
2162,5,left,-93.914619,251.572739,-12.129337,Index-Point,-136.845856,264.343628,-66.787880,-22.194656,21.775253,-39.742218,-284.957672,409.656647,-332.000000
2163,5,left,-93.735893,251.872452,-12.050888,Index-Point,-136.691727,264.609863,-66.825829,-22.208008,21.703690,-39.839012,-284.511414,409.072723,-332.000000
2164,5,left,-93.564697,252.158951,-11.978041,Index-Point,-136.565002,264.838470,-66.943520,-22.242172,21.599701,-40.013008,-283.902893,407.920471,-332.000000
2165,5,left,-93.405991,252.457977,-11.898035,Index-Point,-136.449036,265.095215,-66.964348,-22.274727,21.520340,-40.094521,-283.691010,407.350494,-332.000000
2166,5,left,-93.244240,252.693665,-11.811011,Index-Point,-136.372696,265.243286,-66.978676,-22.357460,21.407776,-40.172943,-283.865112,406.470612,-332.000000
2167,5,left,-93.100861,252.816391,-11.694061,Index-Point,-136.261932,265.292267,-66.919174,-22.386436,21.311142,-40.213669,-283.829041,405.771240,-332.000000
2168,5,left,-92.986542,252.847504,-11.549685,Index-Point,-136.195038,265.237000,-66.937546,-22.431725,21.198914,-40.364853,-283.496643,404.443146,-332.000000
2169,5,left,-92.905800,252.879166,-11.443671,Index-Point,-136.182205,265.246063,-66.882904,-22.505150,21.161133,-40.407669,-283.839844,404.085510,-332.000000
2170,5,left,-92.870346,252.883743,-11.350642,Index-Point,-136.223969,265.207489,-66.915184,-22.585785,21.106018,-40.527523,-283.954407,403.258972,-332.000000
2171,5,left,-92.860649,252.917267,-11.280254,Index-Point,-136.246994,265.212799,-66.875511,-22.627235,21.075943,-40.557014,-284.163055,402.987946,-332.000000
2172,5,left,-92.887306,252.982254,-11.202253,Index-Point,-136.316147,265.250671,-66.849060,-22.672211,21.039154,-40.609695,-284.348724,402.620605,-332.000000
2173,5,left,-92.920906,253.055817,-11.139753,Index-Point,-136.397995,265.317841,-66.822250,-22.723015,21.022659,-40.645580,-284.646301,402.472778,-332.000000
2174,5,left,-92.954498,253.136322,-11.081257,Index-Point,-136.471863,265.373962,-66.778542,-22.766312,20.992569,-40.660728,-284.971771,402.304138,-332.000000
2175,5,left,-92.989601,253.229218,-11.042619,Index-Point,-136.529922,265.457733,-66.746582,-22.794983,20.984573,-40.667343,-285.210571,402.329956,-332.000000
2176,5,left,-93.028732,253.353180,-10.998816,Index-Point,-136.574249,265.592133,-66.683922,-22.805855,20.997467,-40.648102,-285.431396,402.645630,-332.000000
2177,5,left,-93.048904,253.505463,-10.960882,Index-Point,-136.612747,265.738007,-66.633316,-22.830902,20.996292,-40.633415,-285.715698,402.859558,-332.000000
2178,5,left,-93.062386,253.687866,-10.907519,Index-Point,-136.653397,265.928314,-66.553055,-22.864349,21.007401,-40.603294,-286.130737,403.265686,-332.000000
2179,5,left,-93.072075,253.861588,-10.842581,Index-Point,-136.675247,266.150909,-66.458557,-22.879379,21.057510,-40.572388,-286.418060,403.969788,-332.000000
2180,5,left,-93.073334,254.047226,-10.767074,Index-Point,-136.690506,266.365631,-66.343094,-22.896927,21.086731,-40.530148,-286.769592,404.579681,-332.000000
2181,5,left,-93.079590,254.238464,-10.681797,Index-Point,-136.706375,266.576202,-66.257126,-22.905014,21.100555,-40.527763,-286.895874,404.933746,-332.000000
2182,5,left,-93.082916,254.435822,-10.596425,Index-Point,-136.712570,266.781189,-66.183472,-22.904472,21.099991,-40.538155,-286.901611,405.137939,-332.000000
2183,5,left,-93.069847,254.619980,-10.489913,Index-Point,-136.700439,266.956421,-66.138618,-22.901505,21.075836,-40.594669,-286.686279,404.985657,-332.000000
2184,5,left,-93.050934,254.838165,-10.397943,Index-Point,-136.696243,267.167053,-66.070747,-22.914200,21.052414,-40.611893,-286.739868,405.019592,-332.000000
2185,5,left,-93.011368,255.076172,-10.322858,Index-Point,-136.665909,267.409241,-66.010040,-22.925682,21.046738,-40.617317,-286.798950,405.237671,-332.000000
2186,5,left,-92.961868,255.302795,-10.225199,Index-Point,-136.620010,267.653992,-65.927261,-22.924706,21.045380,-40.625778,-286.762115,405.487732,-332.000000
2187,5,left,-92.912651,255.545044,-10.110727,Index-Point,-136.552063,267.893677,-65.855415,-22.895287,21.008804,-40.662285,-286.407288,405.401428,-332.000000
2188,5,left,-92.842743,255.825806,-10.028320,Index-Point,-136.464172,268.146240,-65.853500,-22.870430,20.946854,-40.733253,-285.896973,405.010620,-332.000000
2189,5,left,-92.737389,256.103546,-9.978491,Index-Point,-136.361511,268.402435,-65.865791,-22.868675,20.892548,-40.782696,-285.594849,404.740204,-332.000000
2190,5,left,-92.640701,256.408600,-9.951324,Index-Point,-136.243439,268.754181,-65.828239,-22.841858,20.909546,-40.762596,-285.396301,405.289429,-332.000000
2191,5,left,-92.548065,256.723541,-9.965821,Index-Point,-136.136398,269.115204,-65.812126,-22.820206,20.923645,-40.724174,-285.297485,405.879669,-332.000000
2192,5,left,-92.445381,257.028381,-9.967246,Index-Point,-136.021545,269.433685,-65.830887,-22.795937,20.899399,-40.735741,-284.971191,405.991272,-332.000000
2193,5,left,-92.295692,257.272522,-9.939501,Index-Point,-135.879715,269.663910,-65.850166,-22.793037,20.848618,-40.772308,-284.666077,405.757660,-332.000000
2194,5,left,-92.132027,257.474884,-9.887423,Index-Point,-135.737091,269.840881,-65.991241,-22.799629,20.776886,-40.953331,-283.830078,404.795319,-332.000000
2195,5,left,-91.974503,257.556885,-9.870252,Index-Point,-135.586700,269.925018,-66.027657,-22.795013,20.743820,-40.997318,-283.470612,404.501709,-332.000000
2196,5,left,-91.816605,257.606323,-9.863864,Index-Point,-135.453857,269.941742,-66.139336,-22.810631,20.680496,-41.106728,-282.983215,403.694305,-332.000000
2197,5,left,-91.666222,257.638672,-9.841601,Index-Point,-135.301529,269.937988,-66.263824,-22.798859,20.615524,-41.243866,-282.195648,402.764771,-332.000000
2198,5,left,-91.503891,257.625824,-9.787807,Index-Point,-135.144150,269.848602,-66.398483,-22.793922,20.513397,-41.421295,-281.303284,401.384552,-332.000000
2199,5,left,-91.359406,257.599182,-9.724957,Index-Point,-135.008163,269.762054,-66.516899,-22.787743,20.408264,-41.593651,-280.457275,400.023499,-332.000000
2200,5,left,-91.256569,257.587616,-9.680083,Index-Point,-134.915268,269.717499,-66.627594,-22.785309,20.332596,-41.742126,-279.771149,398.980438,-332.000000
2201,5,left,-91.183823,257.566620,-9.656589,Index-Point,-134.831039,269.645508,-66.712761,-22.759239,20.233582,-41.845245,-279.118286,397.920776,-332.000000
2202,5,left,-91.137794,257.544067,-9.642576,Index-Point,-134.783310,269.552612,-66.820015,-22.742546,20.118225,-41.962326,-278.504333,396.689301,-332.000000
2203,5,left,-91.085152,257.518585,-9.618044,Index-Point,-134.748459,269.413086,-66.998039,-22.748390,19.971741,-42.160290,-277.735352,394.947083,-332.000000
2204,5,left,-91.042038,257.500671,-9.584416,Index-Point,-134.715881,269.346588,-67.087715,-22.745934,19.891342,-42.280838,-277.231445,393.976593,-332.000000
2205,5,left,-90.994911,257.492340,-9.551765,Index-Point,-134.686890,269.291565,-67.109955,-22.758255,19.823746,-42.331726,-277.096252,393.338318,-332.000000
2206,5,left,-90.950706,257.499512,-9.543627,Index-Point,-134.667664,269.254211,-67.134315,-22.781876,19.770172,-42.360382,-277.115295,392.870667,-332.000000
2207,5,left,-90.916824,257.509216,-9.543261,Index-Point,-134.652100,269.235107,-67.167839,-22.804741,19.737106,-42.386986,-277.135193,392.551758,-332.000000
2208,5,left,-90.911308,257.534912,-9.546453,Index-Point,-134.637833,269.251434,-67.184372,-22.799545,19.726242,-42.394081,-277.055725,392.471863,-332.000000
2209,5,left,-90.927605,257.550354,-9.558382,Index-Point,-134.618362,269.266479,-67.199440,-22.766983,19.724930,-42.392731,-276.829285,392.475647,-332.000000
2210,5,left,-90.945351,257.567230,-9.566819,Index-Point,-134.622894,269.269989,-67.234543,-22.757332,19.713318,-42.413979,-276.683472,392.328613,-332.000000
2211,5,left,-90.983589,257.565063,-9.579546,Index-Point,-134.629974,269.261169,-67.262238,-22.727577,19.707535,-42.426056,-276.449615,392.235809,-332.000000
2212,5,left,-91.036865,257.553802,-9.598942,Index-Point,-134.618942,269.267487,-67.277382,-22.663216,19.722809,-42.419762,-276.049866,392.348663,-332.000000
2213,5,left,-91.105469,257.548340,-9.637321,Index-Point,-134.610489,269.249084,-67.363983,-22.585808,19.703995,-42.465370,-275.360901,392.040588,-332.000000
2214,5,left,-91.171913,257.573303,-9.702611,Index-Point,-134.526443,269.265656,-67.454140,-22.435646,19.693573,-42.487022,-274.222229,391.887878,-332.000000
2215,5,left,-91.193909,257.747864,-9.745291,Index-Point,-134.387482,269.308105,-67.753830,-22.273338,19.545715,-42.724209,-272.146484,390.196960,-332.000000
2216,5,left,-91.191353,257.990265,-9.775582,Index-Point,-134.247391,269.484680,-68.137741,-22.122742,19.431366,-43.045853,-269.855255,388.594971,-332.000000
2217,5,left,-91.055939,258.212769,-9.847502,Index-Point,-133.882385,269.405304,-68.450279,-21.903397,19.129059,-43.218803,-267.450012,386.054932,-332.000000
2218,5,left,-90.947395,258.449310,-9.885579,Index-Point,-133.485107,269.654205,-68.621956,-21.607086,19.105392,-43.276012,-264.985962,385.929749,-332.000000
2219,5,left,-90.809494,258.756775,-9.849223,Index-Point,-132.735733,269.917145,-69.301743,-20.978081,18.999649,-43.888577,-258.301544,383.640930,-332.000000
2220,5,left,-90.434044,258.954376,-9.768538,Index-Point,-131.703354,270.217651,-69.336395,-20.325096,19.060638,-43.864666,-253.410950,384.353607,-332.000000
2221,5,left,-90.083618,259.117706,-9.620223,Index-Point,-130.929626,270.455963,-69.418007,-19.906036,19.028488,-43.944946,-249.873154,384.155914,-332.000000
2222,5,left,-89.552101,259.414673,-9.314434,Index-Point,-129.445877,270.680389,-69.989502,-18.987099,18.856812,-44.665100,-240.826324,381.296570,-332.000000
2223,5,left,-88.878990,259.846497,-9.007502,Index-Point,-127.887260,271.105164,-71.014427,-18.175613,18.690491,-45.751457,-231.568604,377.723602,-332.000000
2224,5,left,-88.030174,260.621918,-8.724105,Index-Point,-125.845627,271.785461,-71.791702,-17.079224,18.383408,-46.498955,-221.421021,374.659058,-332.000000
2225,5,left,-87.093483,261.237396,-8.404401,Index-Point,-123.272804,272.513794,-72.735130,-15.510910,18.197556,-47.484974,-207.961365,371.871277,-332.000000
2226,5,left,-86.100105,261.823822,-8.080256,Index-Point,-120.639023,273.185547,-73.271263,-13.998337,18.018890,-48.073624,-195.977051,370.161896,-332.000000
2227,5,left,-85.262238,261.967712,-7.729628,Index-Point,-119.018562,273.751312,-73.393234,-13.331497,18.261749,-48.353676,-190.318527,371.419434,-332.000000
2228,5,left,-84.175125,262.076477,-7.452753,Index-Point,-116.677238,273.616852,-74.135330,-12.239639,17.897675,-49.133904,-180.913345,367.547485,-332.000000
2229,5,left,-82.905251,262.434753,-7.247965,Index-Point,-114.604218,273.869202,-74.500610,-11.652557,17.665710,-49.425900,-175.311798,365.904144,-332.000000
2230,5,left,-81.682640,262.785278,-7.093144,Index-Point,-112.598213,274.544830,-74.591858,-10.978447,17.707031,-49.435028,-169.762970,366.745331,-332.000000
2231,5,left,-80.442696,263.374390,-6.984372,Index-Point,-110.698273,275.345398,-75.190498,-10.486168,17.717316,-49.879387,-164.687469,366.564941,-332.000000
2232,5,left,-79.635223,263.582550,-6.947083,Index-Point,-109.506714,276.050262,-75.132706,-10.265709,18.156281,-49.739861,-162.521042,369.813202,-332.000000
2233,5,left,-78.692261,263.970978,-6.950332,Index-Point,-107.778656,276.484192,-75.543457,-9.554016,18.056305,-49.983292,-156.798828,369.128296,-332.000000
2234,5,left,-77.680107,264.593506,-7.052282,Index-Point,-105.812004,277.504150,-75.631004,-8.645485,18.176575,-49.706860,-150.402115,371.251984,-332.000000
2235,5,left,-76.729820,265.308990,-7.064619,Index-Point,-103.920868,278.924500,-75.460915,-7.717239,18.438538,-49.242508,-144.125427,374.983887,-332.000000
2236,5,left,-75.684959,266.242371,-6.938149,Index-Point,-101.495125,280.447754,-74.753273,-6.451988,18.622711,-48.242249,-135.899673,379.751404,-332.000000
2237,5,left,-74.642105,267.266510,-6.595543,Index-Point,-98.837837,281.834595,-73.871155,-4.979210,18.605865,-47.334846,-125.990723,383.297058,-332.000000
2238,5,left,-73.518661,268.229858,-6.250242,Index-Point,-96.780716,283.361176,-73.185715,-4.174614,18.839386,-46.706841,-119.913292,387.754913,-332.000000
2239,5,left,-72.713921,269.116302,-6.041729,Index-Point,-95.568916,285.140961,-72.556908,-4.041992,19.536041,-46.023170,-118.354546,395.270081,-332.000000
2240,5,left,-71.786644,270.162445,-5.775728,Index-Point,-93.852036,286.132904,-72.931549,-3.415993,19.211884,-46.470871,-112.895706,393.236389,-332.000000
2241,5,left,-70.346344,271.391724,-5.500528,Index-Point,-91.651321,287.447784,-73.720940,-2.937233,18.955170,-47.141685,-107.743782,391.299042,-332.000000
2242,5,left,-68.982193,272.623047,-5.217321,Index-Point,-89.899437,288.837585,-74.294563,-2.715973,18.744232,-47.744385,-104.559189,390.011597,-332.000000
2243,5,left,-67.766670,273.744904,-4.805633,Index-Point,-87.604195,289.896179,-75.100975,-1.845238,18.224518,-48.747276,-97.328629,385.939728,-332.000000
2244,5,left,-66.675186,274.790833,-4.402621,Index-Point,-85.246201,291.341553,-75.133690,-0.721474,18.014038,-48.886292,-89.037086,385.993835,-332.000000
2245,5,left,-65.940887,275.330719,-4.269799,Index-Point,-83.605919,292.985443,-74.598015,0.098953,18.657532,-48.370590,-83.079346,392.270691,-332.000000
2246,5,left,-65.177658,276.168762,-3.958331,Index-Point,-79.629738,294.368652,-73.645355,3.176170,18.270935,-47.381432,-62.311172,393.993774,-332.000000
2247,5,left,-64.316559,277.162323,-3.588837,Index-Point,-76.145447,296.350067,-72.406929,5.591232,18.387665,-46.142906,-44.690010,399.796326,-332.000000
2248,5,left,-63.309364,277.908539,-3.379381,Index-Point,-73.368637,298.239532,-71.270470,7.271309,18.913757,-45.039688,-31.275875,407.729065,-332.000000
2249,5,left,-62.036671,278.399200,-3.338671,Index-Point,-70.581207,299.254211,-69.948097,8.584175,19.281738,-43.612198,-19.001614,415.112061,-332.000000
2250,5,left,-60.574501,278.849884,-3.522334,Index-Point,-67.809891,299.963409,-69.722839,9.726845,19.447052,-43.047081,-8.546192,418.450378,-332.000000
2251,5,left,-59.140335,279.404724,-3.706997,Index-Point,-65.471100,300.717468,-69.912582,10.401505,19.565247,-42.913155,-1.945045,420.210083,-332.000000
2252,5,left,-57.798180,279.939392,-3.901203,Index-Point,-62.610268,301.843628,-69.305717,11.580551,19.891449,-41.982071,9.852676,426.310333,-332.000000
2253,5,left,-56.441925,280.620361,-4.136204,Index-Point,-59.775620,302.914795,-68.917679,12.683617,19.997772,-41.161537,21.291214,430.729767,-332.000000
2254,5,left,-55.087288,281.200256,-4.266824,Index-Point,-57.278893,303.726196,-69.010025,13.541939,19.949554,-40.967514,29.653267,431.791870,-332.000000
2255,5,left,-53.670704,281.836517,-4.195066,Index-Point,-55.126328,304.280304,-69.377464,14.052773,19.847778,-41.194511,34.462662,430.813507,-332.000000
2256,5,left,-52.281822,282.172607,-4.194944,Index-Point,-53.085243,304.496887,-70.337219,14.527580,19.722504,-41.952374,37.525291,427.508881,-332.000000
2257,5,left,-51.394005,282.078217,-4.091566,Index-Point,-52.033958,304.349548,-70.328270,14.603310,19.741638,-41.990906,38.968437,427.372101,-332.000000
2258,5,left,-50.424091,282.113464,-4.047928,Index-Point,-50.519482,304.326385,-70.651314,15.062481,19.689117,-42.266998,42.616055,426.069702,-332.000000
2259,5,left,-49.392982,282.256012,-4.093971,Index-Point,-48.764660,304.028992,-71.147026,15.647457,19.215942,-42.594177,47.062649,421.710236,-332.000000
2260,5,left,-48.357010,282.520721,-4.102227,Index-Point,-47.359394,304.150757,-71.417183,15.891483,18.992188,-42.744751,49.519115,419.931946,-332.000000
2261,5,left,-47.229332,282.541748,-4.038881,Index-Point,-46.051296,304.085144,-71.343384,15.971012,18.832550,-42.662209,51.528042,419.147827,-332.000000
2262,5,left,-45.931679,282.377594,-3.941519,Index-Point,-44.459785,303.716461,-71.233513,16.156975,18.584961,-42.561523,54.530968,417.583038,-332.000000
2263,5,left,-44.636131,281.998810,-3.672136,Index-Point,-43.136379,302.778473,-71.365799,16.092358,18.075470,-42.875099,54.687740,412.657776,-332.000000
2264,5,left,-43.706982,281.278687,-3.377711,Index-Point,-42.164810,301.801849,-71.423996,16.040909,17.864227,-43.186935,54.620842,409.588806,-332.000000
2265,5,left,-43.261421,280.736084,-3.110958,Index-Point,-41.836460,301.347961,-71.445206,15.936356,17.941803,-43.495403,53.628666,408.826508,-332.000000
2266,5,left,-42.846333,280.210938,-2.837178,Index-Point,-41.434471,300.917389,-71.519157,15.930405,18.018280,-43.861877,53.170807,407.921844,-332.000000
2267,5,left,-42.423233,279.705658,-2.568924,Index-Point,-40.936638,300.413879,-71.409286,16.015347,18.002441,-44.032555,53.844376,406.954803,-332.000000
2268,5,left,-41.990936,279.232208,-2.268042,Index-Point,-40.500648,299.884796,-71.307152,16.029015,17.927948,-44.251686,53.928505,405.500824,-332.000000
2269,5,left,-41.670452,278.902893,-2.017807,Index-Point,-40.205563,299.423218,-71.385208,15.993885,17.758545,-44.586700,53.280682,403.224121,-332.000000
2270,5,left,-41.579269,278.626587,-1.811687,Index-Point,-40.029682,299.171204,-71.160873,16.078987,17.700378,-44.582687,54.043354,402.730469,-332.000000
2271,5,left,-41.498466,278.420380,-1.587673,Index-Point,-39.934982,298.869659,-71.080902,16.090569,17.562866,-44.736115,53.911713,401.303406,-332.000000
2272,5,left,-41.387806,278.166595,-1.338988,Index-Point,-39.819717,298.478851,-70.952644,16.099178,17.409668,-44.871716,53.839462,399.761993,-332.000000
2273,5,left,-41.332561,277.837982,-1.121026,Index-Point,-39.750759,298.156860,-70.661598,16.123322,17.378906,-44.816360,54.269436,399.498779,-332.000000
2274,5,left,-41.362736,277.529785,-0.924682,Index-Point,-39.802822,297.756104,-70.506409,16.114658,17.250061,-44.870964,54.108234,398.283936,-332.000000
2275,5,left,-41.478493,277.294556,-0.765893,Index-Point,-39.906971,297.534576,-70.345253,16.143642,17.191284,-44.880264,54.211483,397.760834,-332.000000
2276,5,left,-41.646450,277.061981,-0.572814,Index-Point,-40.049812,297.259033,-70.149467,16.184055,17.091888,-44.899902,54.333542,396.936768,-332.000000
2277,5,left,-41.820660,276.784729,-0.414036,Index-Point,-40.250099,296.906586,-69.986694,16.185322,16.954376,-44.936020,54.123405,395.764282,-332.000000
2278,5,left,-42.002777,276.534790,-0.353977,Index-Point,-40.451199,296.552582,-69.756104,16.207577,16.822540,-44.815491,54.389622,394.991943,-332.000000
2279,5,left,-42.279121,276.199860,-0.251751,Index-Point,-40.735275,296.180878,-69.518852,16.240921,16.736969,-44.734299,54.559288,394.386047,-332.000000
2280,5,left,-42.580692,275.938934,-0.164545,Index-Point,-41.042702,295.902374,-69.301506,16.280361,16.647888,-44.662910,54.715195,393.821991,-332.000000
2281,5,left,-42.878960,275.855560,-0.070522,Index-Point,-41.295345,295.775116,-69.058556,16.364803,16.489990,-44.569927,55.249233,393.058228,-332.000000
2282,5,left,-43.169514,275.773071,-0.054451,Index-Point,-41.504204,295.671112,-68.930130,16.450035,16.420380,-44.473663,55.800774,392.800659,-332.000000
2283,5,left,-43.434692,275.707062,-0.150162,Index-Point,-41.673428,295.621826,-68.784523,16.537685,16.384338,-44.240456,56.720112,393.102997,-332.000000
2284,5,left,-43.732666,275.741150,-0.248619,Index-Point,-41.894234,295.694336,-68.720482,16.589165,16.321136,-44.078182,57.193047,393.180664,-332.000000
2285,5,left,-44.066883,275.738373,-0.331463,Index-Point,-42.110870,295.686890,-68.649918,16.669842,16.246460,-43.930229,57.820419,393.080109,-332.000000
2286,5,left,-44.316200,275.639679,-0.377545,Index-Point,-42.296650,295.533569,-68.587440,16.704197,16.065918,-43.818527,58.119671,392.112915,-332.000000
2287,5,left,-44.548523,275.659149,-0.464756,Index-Point,-42.488323,295.431976,-68.633232,16.688183,15.897461,-43.762001,57.943844,391.105469,-332.000000
2288,5,left,-44.731739,275.551331,-0.502268,Index-Point,-42.658726,295.203949,-68.665741,16.660339,15.740784,-43.753349,57.613331,389.941559,-332.000000
2289,5,left,-44.747845,275.350677,-0.562036,Index-Point,-42.698414,294.927002,-68.672089,16.609135,15.661407,-43.690121,57.407719,389.321014,-332.000000
2290,5,left,-44.687695,275.148468,-0.591836,Index-Point,-42.637280,294.619232,-68.701721,16.577908,15.553619,-43.670063,57.315281,388.396088,-332.000000
2291,5,left,-44.409817,274.979889,-0.677954,Index-Point,-41.954273,294.356354,-68.711113,16.864220,15.434692,-43.509705,60.095638,387.755798,-332.000000
2292,5,left,-44.001617,275.049164,-0.905491,Index-Point,-40.783226,294.411316,-68.678024,17.496120,15.380646,-43.153896,65.976837,388.262909,-332.000000
2293,5,left,-43.327061,275.141754,-1.190004,Index-Point,-38.866970,294.422150,-68.794991,18.536465,15.248444,-42.886627,74.895538,388.005310,-332.000000
2294,5,left,-42.716072,275.260620,-1.361954,Index-Point,-37.838634,294.338684,-69.104950,18.806072,15.022888,-42.933002,77.318085,386.329529,-332.000000
2295,5,left,-41.840111,275.840363,-1.920393,Index-Point,-35.477642,295.212799,-69.104050,20.073494,15.103882,-42.294441,89.296204,389.096283,-332.000000
2296,5,left,-41.115051,276.468872,-2.339896,Index-Point,-33.923222,295.913055,-69.689041,20.627384,15.001343,-42.346565,93.850754,388.837158,-332.000000
2297,5,left,-40.218876,277.661560,-2.556662,Index-Point,-30.654051,297.273895,-70.811073,22.515451,14.588837,-43.143379,105.653931,385.594360,-332.000000
2298,5,left,-39.028584,279.657867,-3.580990,Index-Point,-25.495424,300.378021,-70.301445,25.408533,14.743073,-41.472115,134.838242,393.410187,-332.000000
2299,5,left,-37.458164,282.314575,-4.249397,Index-Point,-20.634953,304.172760,-70.675331,27.473625,15.178375,-41.014500,154.413773,400.882080,-332.000000
2385,5,left,-0.612667,292.785950,-9.994673,Index-Point,17.195761,310.754059,-82.194969,26.382261,12.341858,-46.150986,159.997070,377.557800,-331.999969
2386,5,left,-0.426843,291.750671,-9.779605,Index-Point,16.466040,309.661224,-82.371750,25.788002,12.468140,-46.615795,154.561157,376.428284,-332.000000
2387,5,left,-0.394026,290.988220,-9.708247,Index-Point,15.940886,308.906067,-82.697914,25.422520,12.615356,-47.094711,150.518372,375.687134,-332.000000
2388,5,left,-0.256664,290.430359,-9.597103,Index-Point,15.047665,308.168793,-83.344559,24.586494,12.564789,-47.962620,142.512878,373.309174,-332.000000
2389,5,left,-0.151760,289.634064,-9.300859,Index-Point,13.260916,306.579315,-83.783585,23.037956,12.061157,-48.818211,130.397507,367.904327,-332.000000
2390,5,left,-0.089561,288.967346,-9.065805,Index-Point,12.192775,305.843536,-83.651436,22.131989,12.223145,-48.997532,124.370827,367.797699,-332.000000
2391,5,left,-0.089500,288.085632,-9.023997,Index-Point,10.220626,304.457275,-83.929192,20.473825,12.058136,-49.398632,113.036400,365.011017,-332.000000
2392,5,left,-0.169353,287.491302,-8.845502,Index-Point,8.748234,303.864563,-84.061287,19.322067,12.177307,-49.790718,104.964737,364.502899,-332.000000
2393,5,left,-0.267737,286.846466,-8.624261,Index-Point,7.931904,303.257782,-83.895638,18.816517,12.312531,-49.941216,101.411011,364.425537,-332.000000
2394,5,left,-0.415274,286.378235,-8.469354,Index-Point,7.539892,302.894165,-83.767273,18.698666,12.462067,-50.038128,100.301575,364.716888,-332.000000
2395,5,left,-0.622897,285.967896,-8.283214,Index-Point,7.024910,302.518372,-83.636238,18.483461,12.519775,-50.146858,98.568474,364.525421,-332.000000
2396,5,left,-0.845494,285.512024,-8.094157,Index-Point,6.491308,302.047974,-83.523712,18.241749,12.522095,-50.249928,96.693275,363.967346,-332.000000
2397,5,left,-1.031771,285.258240,-7.950749,Index-Point,6.185144,301.660828,-83.496376,18.161915,12.411133,-50.377819,95.774208,362.882446,-332.000000
2398,5,left,-1.169686,284.936279,-7.832208,Index-Point,5.794493,301.128387,-83.528603,17.937258,12.266663,-50.543625,93.973679,361.431030,-332.000000
2399,5,left,-1.404360,284.598572,-7.714005,Index-Point,5.278140,300.544006,-83.584427,17.679506,12.080536,-50.734680,91.843475,359.694733,-332.000000
2400,5,left,-1.671772,284.323120,-7.631106,Index-Point,4.938051,300.108246,-83.543785,17.620285,11.952271,-50.773033,91.162346,358.596313,-332.000000
2401,5,left,-1.971584,284.095215,-7.585623,Index-Point,4.583155,299.779388,-83.621483,17.570032,11.877289,-50.882710,90.349380,357.757111,-331.999969
2402,5,left,-2.246177,283.925781,-7.561817,Index-Point,4.285689,299.469666,-83.704025,17.548513,11.768280,-50.973621,89.765694,356.793762,-332.000000
2403,5,left,-2.476114,283.683258,-7.546213,Index-Point,3.955292,298.873138,-83.985504,17.437527,11.455231,-51.247765,88.344528,354.310944,-332.000000
2404,5,left,-2.705689,283.366760,-7.345632,Index-Point,3.464223,298.235016,-84.059952,17.166563,11.204407,-51.485882,86.133072,352.191956,-332.000000
2405,5,left,-2.883383,282.826630,-7.179604,Index-Point,2.846901,297.350586,-84.099380,16.741760,10.957336,-51.683380,83.149170,349.907715,-332.000000
2406,5,left,-3.124716,282.253357,-7.024862,Index-Point,2.318697,296.713043,-84.050484,16.495827,10.924713,-51.789398,81.294945,349.016754,-332.000000
2407,5,left,-3.346535,281.794250,-6.900534,Index-Point,2.023117,296.233398,-83.963928,16.469395,10.884888,-51.827946,80.841675,348.325867,-332.000000
2408,5,left,-3.513477,281.291473,-6.838906,Index-Point,1.753060,295.753601,-83.963158,16.413891,10.895416,-51.888420,80.214676,347.835815,-332.000000
2409,5,left,-3.669487,280.762329,-6.874876,Index-Point,1.580857,295.268707,-84.008934,16.428637,10.925507,-51.893143,80.091324,347.480377,-332.000000
2419,5,left,-6.081184,277.844696,-7.354111,Index-Point,-1.326209,292.113800,-84.627762,16.102619,10.825012,-52.016407,75.252342,343.593872,-332.000000
2420,5,left,-6.398803,277.654053,-7.451276,Index-Point,-1.653671,291.920471,-84.726501,16.112589,10.844055,-52.020237,74.936066,343.466705,-332.000000
2421,5,left,-6.611013,277.544067,-7.555527,Index-Point,-1.878004,291.818420,-84.904755,16.108637,10.867584,-52.087708,74.538635,343.372406,-332.000000
2422,5,left,-6.818698,277.456879,-7.638019,Index-Point,-2.135696,291.673981,-85.035545,16.076040,10.852844,-52.133034,74.019669,343.086029,-332.000000
2423,5,left,-7.030703,277.419189,-7.733573,Index-Point,-2.351967,291.607544,-85.133255,16.086222,10.861969,-52.134544,73.819283,343.040985,-332.000000
2424,5,left,-7.255373,277.386292,-7.818258,Index-Point,-2.558915,291.570038,-85.182602,16.114929,10.870728,-52.096909,73.788124,343.071838,-332.000000
2425,5,left,-7.456684,277.361969,-7.858545,Index-Point,-2.743919,291.567261,-85.220467,16.137218,10.888031,-52.091377,73.705109,343.148621,-332.000000
2426,5,left,-7.644567,277.328827,-7.947878,Index-Point,-2.923536,291.530212,-85.310577,16.153440,10.888824,-52.091457,73.574280,343.096405,-332.000000
2427,5,left,-7.864426,277.324371,-8.035720,Index-Point,-3.142248,291.548645,-85.368637,16.167643,10.926788,-52.061737,73.448509,343.311981,-332.000000
2428,5,left,-8.084605,277.315186,-8.159180,Index-Point,-3.358217,291.558228,-85.459793,16.180660,10.951294,-52.028172,73.315308,343.451935,-332.000000
2429,5,left,-8.296100,277.323578,-8.286936,Index-Point,-3.564737,291.567871,-85.578133,16.191689,10.968353,-52.018200,73.138924,343.527405,-332.000000
2430,5,left,-8.507773,277.353851,-8.441671,Index-Point,-3.770499,291.588226,-85.730453,16.204002,10.966614,-52.016598,72.946404,343.509033,-332.000000
2431,5,left,-8.709898,277.418762,-8.640467,Index-Point,-3.967928,291.623444,-85.912048,16.216867,10.959564,-52.002647,72.773857,343.486511,-332.000000
2432,5,left,-8.927588,277.520996,-8.845734,Index-Point,-4.171716,291.685577,-86.095375,16.233496,10.958282,-51.981316,72.623032,343.525208,-332.000000
2433,5,left,-9.145199,277.608398,-9.046873,Index-Point,-4.378834,291.711273,-86.290855,16.242056,10.936462,-51.974125,72.405937,343.413696,-332.000000
2434,5,left,-9.361933,277.700226,-9.243482,Index-Point,-4.585861,291.705078,-86.475586,16.252836,10.886688,-51.962383,72.209465,343.145142,-332.000000
2435,5,left,-9.611511,277.780975,-9.350246,Index-Point,-4.825535,291.712280,-86.572525,16.265825,10.840424,-51.951061,72.017555,342.924652,-332.000000
2436,5,left,-9.887489,277.884033,-9.451869,Index-Point,-5.101165,291.819305,-86.683144,16.273615,10.847687,-51.956470,71.736076,343.037567,-332.000000
2437,5,left,-10.209651,277.980896,-9.515893,Index-Point,-5.601044,291.920410,-86.809189,16.123756,10.861053,-52.021248,70.394768,343.111633,-332.000000
2438,5,left,-10.538144,278.069824,-9.678532,Index-Point,-6.362477,292.216888,-86.892792,15.760261,11.076691,-51.953316,67.991844,344.474884,-332.000000
2439,5,left,-10.894585,278.076202,-10.051679,Index-Point,-7.646215,292.475922,-87.137421,14.946985,11.323883,-51.861122,62.926060,345.941711,-332.000000
2440,5,left,-11.221836,278.231506,-10.586664,Index-Point,-9.262569,292.666656,-87.713524,13.801777,11.386963,-51.967274,55.616482,346.194214,-332.000000
2441,5,left,-11.612581,278.280792,-11.132981,Index-Point,-10.818729,293.255890,-88.104500,12.820055,11.873383,-51.935875,49.385395,349.014343,-332.000000
2442,5,left,-12.076006,278.416504,-11.716249,Index-Point,-13.502825,293.374207,-88.760307,10.823540,11.872833,-52.154564,36.976257,348.747009,-332.000000
2443,5,left,-12.365261,278.268219,-12.183190,Index-Point,-15.225969,293.192749,-89.539200,9.589334,11.786163,-52.563183,29.007231,347.559357,-332.000000
2586,5,left,-5.230467,290.010681,-17.177710,Index-Point,-16.585510,328.460632,-73.176933,3.492661,35.791901,-33.405113,10.475649,605.776550,-332.000000
2587,5,left,-5.346472,290.094269,-17.308281,Index-Point,-16.950249,329.298920,-72.278351,3.232983,36.563110,-32.382385,8.979763,622.551880,-332.000000
2588,5,left,-5.525383,290.050964,-17.273249,Index-Point,-17.313025,330.310974,-70.205505,3.065475,37.608215,-30.387962,9.096268,654.308472,-332.000000
2589,5,left,-5.658545,290.080261,-17.303391,Index-Point,-17.690207,330.600769,-69.221497,2.816622,37.922974,-29.390511,7.493013,669.667480,-332.000000
2590,5,left,-5.880405,290.346954,-17.420748,Index-Point,-18.250263,331.465393,-67.812981,2.433554,38.583832,-27.838402,4.844212,697.626770,-332.000000
2591,5,left,-6.122605,290.675415,-17.453392,Index-Point,-18.734358,332.789001,-66.302155,2.181206,39.575256,-26.288445,3.311132,732.776917,-332.000000
2592,5,left,-6.316299,291.169220,-17.547472,Index-Point,-19.177465,333.771423,-65.421349,1.929176,40.034210,-25.305119,1.145584,755.514771,-332.000000
2593,5,left,-6.710612,291.859009,-17.467726,Index-Point,-19.725471,335.325470,-63.568146,1.741280,40.832672,-23.491287,0.171902,801.915039,-332.000000
2594,5,left,-7.045288,292.635529,-17.377350,Index-Point,-20.145933,336.482880,-62.614590,1.642931,41.121216,-22.609024,-0.570492,826.440125,-332.000000
2595,5,left,-7.444691,293.261780,-17.230585,Index-Point,-20.648043,337.567963,-61.613708,1.525669,41.451447,-21.725292,-1.660034,853.459961,-332.000000
2596,5,left,-7.976742,293.869843,-17.106802,Index-Point,-21.223633,338.481628,-60.755627,1.507486,41.616333,-20.986023,-1.739368,876.372803,-332.000000
2599,5,left,-9.409003,295.882538,-17.228218,Index-Point,-22.861891,341.066833,-59.549637,1.363411,41.909821,-19.668781,-3.976030,921.598328,-332.000000
2600,5,left,-9.824031,296.565857,-17.254780,Index-Point,-23.306801,341.900818,-59.596748,1.378437,41.934113,-19.722282,-4.267891,921.092896,-332.000000
2601,5,left,-10.201074,297.032349,-17.268839,Index-Point,-23.688011,342.473633,-59.646255,1.429773,41.914673,-19.799278,-4.020418,919.041077,-332.000000
2602,5,left,-10.426183,297.386505,-17.290157,Index-Point,-23.917147,342.893433,-59.710030,1.472178,41.868896,-19.866207,-3.739204,916.756409,-332.000000
2603,5,left,-10.517839,297.704498,-17.333027,Index-Point,-23.970112,343.259613,-59.726967,1.525644,41.843750,-19.847153,-3.040571,917.292847,-332.000000
2604,5,left,-10.614984,298.017426,-17.373434,Index-Point,-24.018866,343.572144,-59.717937,1.582420,41.807983,-19.800777,-2.258877,918.477051,-332.000000
2605,5,left,-10.697777,298.240417,-17.417414,Index-Point,-23.998386,343.791840,-59.752949,1.693499,41.765594,-19.797707,-0.710337,918.129028,-332.000000
2606,5,left,-10.725048,298.378021,-17.483686,Index-Point,-23.956463,343.918060,-59.802563,1.764013,41.743866,-19.780338,0.318144,918.355835,-332.000000
2607,5,left,-10.732162,298.443878,-17.548658,Index-Point,-23.873680,343.974426,-59.910862,1.856167,41.722595,-19.824833,1.601583,916.602966,-332.000000
2608,5,left,-10.723495,298.466095,-17.611782,Index-Point,-23.813541,343.985260,-59.998589,1.908285,41.702209,-19.848450,2.337429,915.468628,-332.000000
2609,5,left,-10.683085,298.398895,-17.640999,Index-Point,-23.684822,343.902679,-60.066021,1.995123,41.681305,-19.884056,3.600443,913.935425,-332.000000
2610,5,left,-10.653933,298.261627,-17.698420,Index-Point,-23.587679,343.756836,-60.239223,2.064692,41.662262,-19.998127,4.470058,909.918274,-332.000000
2611,5,left,-10.600341,298.063721,-17.769339,Index-Point,-23.447395,343.521790,-60.459949,2.146198,41.625732,-20.143047,5.484612,904.660950,-332.000000
2612,5,left,-10.544967,297.817963,-17.805758,Index-Point,-23.338041,343.231140,-60.642666,2.196812,41.590302,-20.284081,6.050571,899.619873,-332.000000
2613,5,left,-10.491775,297.496399,-17.863798,Index-Point,-23.255642,342.858429,-60.827049,2.227217,41.557007,-20.409187,6.336956,895.018311,-332.000000
2614,5,left,-10.407354,297.241089,-17.920746,Index-Point,-23.165945,342.567688,-61.047287,2.224737,41.540100,-20.569130,6.140038,889.766418,-332.000000
2615,5,left,-10.318112,296.898346,-17.975487,Index-Point,-23.005833,342.153687,-61.181717,2.292786,41.493866,-20.646595,7.068295,886.422546,-332.000000
2616,5,left,-10.231215,296.498322,-18.013268,Index-Point,-22.821772,341.671021,-61.378628,2.388247,41.431091,-20.804157,8.244642,880.608459,-332.000000
2617,5,left,-10.147130,296.084656,-18.042149,Index-Point,-22.698273,341.199036,-61.557037,2.423126,41.395233,-20.947033,8.586227,875.644653,-332.000000
2618,5,left,-10.052159,295.692352,-18.076429,Index-Point,-22.541813,340.772430,-61.701698,2.481949,41.370819,-21.052551,9.324472,871.941406,-332.000000
2619,5,left,-9.982583,295.310730,-18.115948,Index-Point,-22.426550,340.374115,-61.843159,2.531033,41.353943,-21.153564,9.897825,868.514404,-332.000000
2620,5,left,-9.872657,294.967560,-18.179548,Index-Point,-22.306858,339.989502,-62.050396,2.536493,41.326447,-21.293903,9.849079,863.898071,-332.000000
2621,5,left,-9.743134,294.656708,-18.230534,Index-Point,-22.164967,339.620117,-62.251057,2.540134,41.287750,-21.438492,9.796169,859.121521,-332.000000
2622,5,left,-9.602476,294.381897,-18.281710,Index-Point,-22.024904,339.287079,-62.446312,2.529840,41.254944,-21.578262,9.577633,854.640137,-332.000000
2623,5,left,-9.475365,294.107910,-18.346842,Index-Point,-21.883512,338.964996,-62.644592,2.533806,41.229034,-21.704689,9.561045,850.617737,-332.000000
2624,5,left,-9.413300,293.849762,-18.342346,Index-Point,-21.795954,338.639008,-62.726097,2.546762,41.193787,-21.786079,9.681791,847.790344,-332.000000
2625,5,left,-9.399176,293.610870,-18.399277,Index-Point,-21.784636,338.381378,-62.821232,2.532059,41.199829,-21.821667,9.449297,846.597351,-332.000000
2626,5,left,-9.441322,293.285400,-18.508928,Index-Point,-21.912758,338.022095,-62.953697,2.434271,41.229584,-21.842731,8.071199,845.864563,-332.000000
2627,5,left,-9.570593,293.007996,-18.635595,Index-Point,-22.071659,337.685760,-63.103466,2.398214,41.208160,-21.864502,7.422338,844.476746,-332.000000
2628,5,left,-9.729384,292.690430,-18.735094,Index-Point,-22.254427,337.339020,-63.321182,2.367670,41.201385,-21.980122,6.687307,840.973206,-332.000000
2629,5,left,-9.924395,292.433411,-18.836226,Index-Point,-22.503094,337.025604,-63.539715,2.308947,41.177063,-22.095268,5.550900,837.332153,-332.000000
2630,5,left,-10.135990,292.194427,-18.915722,Index-Point,-22.738918,336.740356,-63.669548,2.281233,41.165100,-22.143467,4.904638,835.571411,-332.000000
2631,5,left,-10.354146,291.999329,-18.957109,Index-Point,-22.966600,336.507751,-63.798271,2.270405,41.145905,-22.227947,4.428032,832.972900,-332.000000
2632,5,left,-10.578247,291.893250,-18.982780,Index-Point,-23.173016,336.343048,-63.828407,2.290045,41.107330,-22.231766,4.450747,832.201904,-332.000000
2633,5,left,-10.781783,291.888489,-18.969278,Index-Point,-23.345764,336.242493,-63.838406,2.321451,41.036133,-22.253624,4.628288,830.737915,-332.000000
2634,5,left,-10.944348,292.027649,-18.939518,Index-Point,-23.476278,336.358398,-63.810081,2.349993,41.013855,-22.251057,4.847965,830.694580,-332.000000
2635,5,left,-11.000512,292.187714,-18.881844,Index-Point,-23.477804,336.432526,-63.688168,2.389030,40.959106,-22.172401,5.432240,832.085327,-332.000000
2636,5,left,-11.029258,292.370331,-18.812288,Index-Point,-23.387072,336.572174,-63.659771,2.496714,40.916168,-22.207081,6.782078,830.984497,-332.000000
2637,5,left,-10.976956,292.616791,-18.777008,Index-Point,-23.286291,336.815338,-63.627453,2.529167,40.907471,-22.204788,7.281849,831.233154,-332.000000
2638,5,left,-10.894839,292.878693,-18.737356,Index-Point,-23.170082,337.075104,-63.587448,2.548365,40.898315,-22.198021,7.644062,831.606628,-332.000000
2639,5,left,-10.811894,293.030609,-18.663177,Index-Point,-23.011766,337.201202,-63.505821,2.613630,40.872345,-22.186607,8.617428,831.823364,-332.000000
2640,5,left,-10.707340,293.191925,-18.618811,Index-Point,-22.857491,337.358215,-63.475883,2.655720,40.861237,-22.199181,9.266434,831.620972,-332.000000
2641,5,left,-10.617638,293.352905,-18.579693,Index-Point,-22.719057,337.515656,-63.490444,2.702778,40.847443,-22.254631,9.890860,830.353638,-332.000000
2642,5,left,-10.517439,293.475342,-18.564426,Index-Point,-22.598604,337.635956,-63.567898,2.720808,40.838104,-22.348118,10.082098,828.158569,-332.000000
2643,5,left,-10.422351,293.558624,-18.548922,Index-Point,-22.504847,337.720551,-63.622608,2.715950,40.835632,-22.417152,10.010412,826.603333,-332.000000
2644,5,left,-10.345160,293.606415,-18.569500,Index-Point,-22.445551,337.767151,-63.809113,2.695721,40.831268,-22.581875,9.569845,822.694702,-332.000000
2645,5,left,-10.274057,293.627289,-18.593096,Index-Point,-22.398605,337.778320,-63.928173,2.672438,40.822571,-22.677376,9.192583,820.346558,-332.000000
2646,5,left,-10.229090,293.612122,-18.611771,Index-Point,-22.368193,337.760956,-63.986458,2.659281,40.821686,-22.717869,9.004614,819.353882,-332.000000
2647,5,left,-10.190059,293.560760,-18.618317,Index-Point,-22.331503,337.699310,-64.049561,2.661455,40.813232,-22.777664,8.977156,817.815430,-332.000000
2648,5,left,-10.158959,293.487183,-18.638243,Index-Point,-22.314880,337.611511,-64.152603,2.649734,40.799225,-22.861305,8.729914,815.622986,-332.000000
2649,5,left,-10.142365,293.416229,-18.651541,Index-Point,-22.308563,337.520935,-64.227821,2.642776,40.782806,-22.923950,8.561424,813.900513,-332.000000
2650,5,left,-10.122275,293.335266,-18.669220,Index-Point,-22.297422,337.408386,-64.292435,2.634928,40.763062,-22.969578,8.412333,812.496826,-332.000000
2651,5,left,-10.122465,293.234955,-18.686844,Index-Point,-22.312819,337.286865,-64.361542,2.621058,40.751953,-23.020973,8.159212,811.063110,-332.000000
2652,5,left,-10.139807,293.186981,-18.683596,Index-Point,-22.347395,337.219940,-64.384895,2.601397,40.747589,-23.044670,7.862326,810.416992,-332.000000
2653,5,left,-10.162254,293.143097,-18.671886,Index-Point,-22.391306,337.155579,-64.395035,2.577246,40.744354,-23.063492,7.512396,809.911072,-332.000000
2654,5,left,-10.215674,293.126068,-18.651787,Index-Point,-22.457529,337.119110,-64.383698,2.561819,40.739105,-23.070026,7.260015,809.699768,-332.000000
2655,5,left,-10.328886,293.107422,-18.565254,Index-Point,-22.581894,337.087250,-64.296982,2.551645,40.734131,-23.073204,7.023144,809.698242,-332.000000
2656,5,left,-10.475359,293.088531,-18.494051,Index-Point,-22.733889,337.072937,-64.156700,2.549500,40.746613,-23.009827,6.943274,811.379272,-332.000000
2657,5,left,-10.690240,293.121368,-18.398294,Index-Point,-22.954504,337.118103,-64.027237,2.548229,40.759766,-22.982880,6.757006,812.363464,-332.000000
2658,5,left,-10.926648,293.180298,-18.304735,Index-Point,-23.199306,337.207184,-63.875652,2.545315,40.786560,-22.930882,6.562346,814.112976,-332.000000
2659,5,left,-11.162156,293.332458,-18.184620,Index-Point,-23.439611,337.401947,-63.670895,2.540928,40.819031,-22.849518,6.399307,816.752686,-332.000000
2660,5,left,-11.391343,293.569855,-18.045338,Index-Point,-23.683626,337.682159,-63.505424,2.527184,40.843201,-22.827606,6.040691,818.073181,-332.000000
2661,5,left,-11.559802,293.823090,-17.971186,Index-Point,-23.889444,337.975250,-63.396118,2.485472,40.870453,-22.793518,5.399908,819.601807,-332.000000
2662,5,left,-11.699051,294.108582,-17.930710,Index-Point,-24.093992,338.295624,-63.340420,2.412704,40.896606,-22.776501,4.364996,820.690430,-332.000000
2663,5,left,-11.817291,294.396454,-17.904690,Index-Point,-24.266993,338.601135,-63.314526,2.356335,40.909393,-22.776318,3.529991,821.197144,-332.000000
2664,5,left,-11.933054,294.636017,-17.882126,Index-Point,-24.399654,338.843170,-63.292713,2.337273,40.907532,-22.775402,3.175806,821.475769,-332.000000
2665,5,left,-12.063009,294.864441,-17.859240,Index-Point,-24.556005,339.069977,-63.292080,2.309689,40.896454,-22.796459,2.668907,821.127319,-332.000000
2666,5,left,-12.203886,295.065826,-17.853182,Index-Point,-24.707407,339.275482,-63.292526,2.301510,40.891083,-22.803761,2.412369,821.114380,-332.000000
2667,5,left,-12.347998,295.220581,-17.828176,Index-Point,-24.848610,339.435699,-63.278286,2.311218,40.885132,-22.818134,2.369852,820.926514,-332.000000
2668,5,left,-12.492321,295.339508,-17.793934,Index-Point,-24.997444,339.561707,-63.256607,2.312603,40.887054,-22.832901,2.221910,820.802612,-332.000000
2669,5,left,-12.639858,295.481842,-17.748331,Index-Point,-25.165016,339.703979,-63.264095,2.299217,40.884399,-22.888836,1.829901,819.724304,-332.000000
2670,5,left,-12.782043,295.607300,-17.716970,Index-Point,-25.327366,339.827850,-63.276619,2.286156,40.881653,-22.935814,1.457970,818.810425,-332.000000
2671,5,left,-12.917567,295.685150,-17.687757,Index-Point,-25.473951,339.912201,-63.306034,2.282326,40.885864,-22.995068,1.194689,817.657471,-332.000000
2672,5,left,-13.043489,295.797546,-17.696852,Index-Point,-25.634613,340.036102,-63.400612,2.252459,40.896057,-23.081615,0.577114,815.941101,-332.000000
2673,5,left,-13.176153,295.893188,-17.714626,Index-Point,-25.787209,340.122437,-63.498123,2.240845,40.890259,-23.163971,0.187225,814.096069,-332.000000
2674,5,left,-13.311618,295.987549,-17.733479,Index-Point,-25.924084,340.190643,-63.623672,2.248714,40.865631,-23.272369,0.008030,811.452026,-332.000000
2675,5,left,-13.417035,296.087280,-17.764544,Index-Point,-26.060514,340.250275,-63.731880,2.226221,40.835815,-23.350796,-0.484335,809.396912,-332.000000
2676,5,left,-13.521053,296.169006,-17.803436,Index-Point,-26.193689,340.319702,-63.850677,2.203878,40.827576,-23.430874,-0.971903,807.561646,-332.000000
2677,5,left,-13.625894,296.242096,-17.853582,Index-Point,-26.323946,340.382996,-63.937111,2.186699,40.822052,-23.467525,-1.345903,806.681763,-332.000000
2678,5,left,-13.755825,296.277283,-17.897985,Index-Point,-26.467964,340.391174,-64.000977,2.182014,40.807281,-23.488972,-1.572123,805.984619,-332.000000
2679,5,left,-13.885264,296.316772,-17.976938,Index-Point,-26.645687,340.411072,-64.192368,2.139725,40.795685,-23.602043,-2.366663,803.311462,-332.000000
2680,5,left,-13.984838,296.369812,-18.056486,Index-Point,-26.823435,340.438629,-64.403397,2.065620,40.782654,-23.731197,-3.531181,800.310059,-332.000000
2681,5,left,-14.067331,296.353149,-18.109182,Index-Point,-26.922832,340.385406,-64.568573,2.053024,40.758545,-23.841114,-3.893572,797.583679,-332.000000
2682,5,left,-14.124961,296.315857,-18.141241,Index-Point,-26.991884,340.248474,-64.692085,2.044827,40.700592,-23.927395,-4.147844,794.940308,-332.000000
2683,5,left,-14.176922,296.289307,-18.214800,Index-Point,-27.067289,340.162628,-64.863174,2.030066,40.660126,-24.025528,-4.495245,792.257446,-332.000000
2684,5,left,-14.219775,296.226654,-18.280008,Index-Point,-27.123995,340.047852,-64.983757,2.021690,40.634003,-24.078861,-4.704988,790.647949,-332.000000
2685,5,left,-14.253320,296.170959,-18.336117,Index-Point,-27.174246,339.943542,-65.133865,2.006702,40.607208,-24.168518,-5.016457,788.323914,-332.000000
2686,5,left,-14.283879,296.136963,-18.401258,Index-Point,-27.243952,339.823975,-65.428291,1.969212,40.537384,-24.394615,-5.725428,782.795532,-332.000000
2687,5,left,-14.332399,296.145935,-18.474504,Index-Point,-27.334539,339.655609,-65.996964,1.932236,40.371338,-24.891476,-6.685678,771.084351,-332.000000
2688,5,left,-14.394638,296.155975,-18.614914,Index-Point,-27.714212,338.987610,-67.916550,1.633003,39.711670,-26.676796,-11.548512,732.108032,-332.000000
2689,5,left,-14.594901,296.091370,-18.875326,Index-Point,-28.793083,337.496887,-72.025284,0.854353,38.276520,-30.564529,-21.526157,663.067993,-332.000000
2694,5,left,-14.467344,291.318756,-19.298628,Index-Point,-27.629175,304.450897,-99.097427,2.102264,12.211731,-56.845535,-19.015961,354.483734,-332.000000
2695,5,left,-14.190845,289.681244,-18.711519,Index-Point,-25.354170,299.193634,-99.855400,3.750818,9.210754,-57.883949,-10.311447,336.133514,-332.000000
2696,5,left,-13.270836,287.150421,-16.729927,Index-Point,-19.616808,292.067810,-98.306236,7.327513,5.331848,-57.493706,10.167219,313.740082,-332.000000
2697,5,left,-13.146085,284.667236,-14.873823,Index-Point,-17.996996,289.514923,-96.298264,8.280933,5.238098,-57.002728,16.244001,311.174042,-332.000000
2698,5,left,-13.500993,282.883057,-13.489953,Index-Point,-16.745180,287.593964,-94.915688,9.395681,4.884125,-56.663284,22.567202,308.029572,-332.000000
2699,5,left,-13.816321,281.512268,-12.526863,Index-Point,-16.357578,286.677795,-93.959602,9.955004,4.791443,-56.568798,25.532887,306.840088,-332.000000
2760,6,left,-9.951072,286.232178,-16.777931,Index-Point,-23.725182,306.665039,-100.861824,3.218576,19.448303,-58.544544,-11.018004,383.448364,-332.000000
2841,6,left,-11.490645,283.792725,-14.908767,Index-Point,-20.605076,292.133545,-99.372238,5.664215,7.631805,-60.079300,1.326832,321.683990,-332.000000
2842,6,left,-11.414275,282.464813,-13.383968,Index-Point,-18.676407,290.018921,-97.819138,6.849066,6.836456,-59.607876,8.231449,316.877228,-332.000000
2843,6,left,-11.541475,280.983154,-11.971499,Index-Point,-15.513476,287.483917,-96.880241,9.330533,5.500702,-59.518814,21.345333,309.213593,-332.000000
2844,6,left,-11.701265,279.678467,-10.616317,Index-Point,-13.802462,285.807800,-95.440514,10.644108,4.654907,-59.034111,28.850245,304.460785,-332.000000
2935,6,left,-34.799644,252.992554,-11.689523,Index-Point,-64.456703,262.944611,-88.203514,-10.150291,10.309311,-58.193775,-106.980240,306.134338,-332.000000
2936,6,left,-39.050732,248.975555,-11.681475,Index-Point,-68.010689,258.872131,-87.192268,-9.541595,11.571503,-57.359444,-108.733826,308.258820,-332.000000
2937,6,left,-44.086971,243.107544,-10.971670,Index-Point,-73.680580,252.810364,-85.848648,-10.074123,12.477829,-56.992050,-117.191193,306.702698,-332.000000
2938,6,left,-49.426327,235.532471,-9.209527,Index-Point,-82.543800,244.176544,-81.726082,-13.159294,12.862198,-55.265835,-142.136276,302.423615,-332.000000
2939,6,left,-55.287338,227.834961,-6.637842,Index-Point,-89.539482,234.150177,-77.102776,-13.933197,12.233734,-53.824650,-155.522888,292.085449,-332.000000
2940,6,left,-61.059711,219.450073,-2.921721,Index-Point,-95.832420,224.305252,-73.119667,-14.531029,12.471390,-53.958199,-165.549316,284.140411,-332.000000
2941,6,left,-67.511475,210.862167,-0.392718,Index-Point,-104.328209,215.579224,-68.388321,-16.838303,13.976974,-52.118675,-189.494873,286.273529,-332.000000
2942,6,left,-74.063286,202.545990,2.830687,Index-Point,-112.251175,209.112854,-61.713272,-18.626137,17.043381,