timestamp,time_readable,x,y
1744814273.017101,2025-04-16 10:37:53.017101,nan,nan
1744814273.0337157,2025-04-16 10:37:53.033716,nan,nan
1744814273.0800965,2025-04-16 10:37:53.080096,nan,nan
1744814273.0800965,2025-04-16 10:37:53.080096,nan,nan
1744814273.0800965,2025-04-16 10:37:53.080096,0.8071360290050507,1.011885166168213
1744814273.0957308,2025-04-16 10:37:53.095731,nan,nan
1744814273.1132822,2025-04-16 10:37:53.113282,0.8177596628665924,1.018235683441162
1744814273.1302826,2025-04-16 10:37:53.130283,0.8153603971004486,1.0173324942588806
1744814273.1461077,2025-04-16 10:37:53.146108,0.8125336468219757,1.0185390710830688
1744814273.1631546,2025-04-16 10:37:53.163155,0.7484089434146881,0.7565732300281525
1744814273.1802208,2025-04-16 10:37:53.180221,0.7007889449596405,0.5232128500938416
1744814273.1973238,2025-04-16 10:37:53.197324,0.6328366994857788,0.36308838427066803
1744814273.214165,2025-04-16 10:37:53.214165,0.576402872800827,0.29399244487285614
1744814273.2299092,2025-04-16 10:37:53.229909,0.5781442224979401,0.28364118933677673
1744814273.2470915,2025-04-16 10:37:53.247092,0.5820446312427521,0.2939233183860779
1744814273.2636049,2025-04-16 10:37:53.263605,0.5853832960128784,0.2963215708732605
1744814273.2794576,2025-04-16 10:37:53.279458,0.5882767140865326,0.29121723771095276
1744814273.296088,2025-04-16 10:37:53.296088,0.5865830481052399,0.28689049184322357
1744814273.3133914,2025-04-16 10:37:53.313391,0.5856204032897949,0.29416705667972565
1744814273.3304555,2025-04-16 10:37:53.330456,0.5866512358188629,0.2852970063686371
1744814273.3469825,2025-04-16 10:37:53.346982,0.5817157328128815,0.29587459564208984
1744814273.3629777,2025-04-16 10:37:53.362978,0.5860995948314667,0.29089100658893585
1744814273.380103,2025-04-16 10:37:53.380103,0.5565854609012604,0.27782008051872253
1744814273.39597,2025-04-16 10:37:53.395970,0.532537430524826,0.2385968416929245
1744814273.4136887,2025-04-16 10:37:53.413689,0.5308283567428589,0.2356143444776535
1744814273.4301999,2025-04-16 10:37:53.430200,0.5312984883785248,0.23229465633630753
1744814273.447205,2025-04-16 10:37:53.447205,0.53127521276474,0.23340074717998505
1744814273.4631815,2025-04-16 10:37:53.463181,0.5330734550952911,0.23666094988584518
1744814273.4795942,2025-04-16 10:37:53.479594,0.5352632105350494,0.23794922977685928
1744814273.497258,2025-04-16 10:37:53.497258,0.5332974791526794,0.23999592661857605
1744814273.5131586,2025-04-16 10:37:53.513159,0.5313564538955688,0.24309634417295456
1744814273.5301588,2025-04-16 10:37:53.530159,0.5353507995605469,0.24627907574176788
1744814273.5461504,2025-04-16 10:37:53.546150,0.5351828634738922,0.24479886144399643
1744814273.56315,2025-04-16 10:37:53.563150,0.5312175750732422,0.2466868758201599
1744814273.5801823,2025-04-16 10:37:53.580182,0.5770134925842285,0.22904565930366516
1744814273.596393,2025-04-16 10:37:53.596393,0.602937787771225,0.22219521552324295
1744814273.6130075,2025-04-16 10:37:53.613008,0.6000643968582153,0.2078203484416008
1744814273.6299717,2025-04-16 10:37:53.629972,0.5986793041229248,0.2177841067314148
1744814273.6469703,2025-04-16 10:37:53.646970,0.6008172035217285,0.2186097800731659
1744814273.6631405,2025-04-16 10:37:53.663141,0.5975226163864136,0.2215026468038559
1744814273.6801322,2025-04-16 10:37:53.680132,0.5989894568920135,0.22507234662771225
1744814273.696621,2025-04-16 10:37:53.696621,0.5996983051300049,0.22979171574115753
1744814273.7136054,2025-04-16 10:37:53.713605,0.5999617576599121,0.20616209506988525
1744814273.7299588,2025-04-16 10:37:53.729959,0.5987055003643036,0.2154523879289627
1744814273.7466195,2025-04-16 10:37:53.746619,0.5942239761352539,0.2015974447131157
1744814273.763554,2025-04-16 10:37:53.763554,0.5923002362251282,0.21614200621843338
1744814273.7799833,2025-04-16 10:37:53.779983,0.5959611535072327,0.21232780069112778
1744814273.7964056,2025-04-16 10:37:53.796406,0.5953406393527985,0.22377396374940872
1744814273.813528,2025-04-16 10:37:53.813528,0.5980818867683411,0.22968902438879013
1744814273.829298,2025-04-16 10:37:53.829298,0.5978911519050598,0.229258231818676
1744814273.8456628,2025-04-16 10:37:53.845663,0.5979548096656799,0.22404825687408447
1744814273.8633435,2025-04-16 10:37:53.863343,0.5979982912540436,0.2215639278292656
1744814273.8792825,2025-04-16 10:37:53.879282,0.5978530049324036,0.21831721812486649
1744814273.8971167,2025-04-16 10:37:53.897117,0.5956201255321503,0.22624067217111588
1744814273.9133644,2025-04-16 10:37:53.913364,0.6146574914455414,0.23236532509326935
1744814273.9300945,2025-04-16 10:37:53.930094,0.6204763948917389,0.2339259684085846
1744814273.9461162,2025-04-16 10:37:53.946116,0.6193621158599854,0.2257223203778267
1744814273.9631236,2025-04-16 10:37:53.963124,0.6205943524837494,0.231270931661129
1744814273.9801154,2025-04-16 10:37:53.980115,0.6159933507442474,0.22928213328123093
1744814273.9956365,2025-04-16 10:37:53.995636,0.6143945753574371,0.224235437810421
1744814274.0131552,2025-04-16 10:37:54.013155,0.6138581931591034,0.24121547490358353
1744814274.0291126,2025-04-16 10:37:54.029113,0.616236686706543,0.22902585566043854
1744814274.0461123,2025-04-16 10:37:54.046112,0.6156273484230042,0.23827677220106125
1744814274.0631127,2025-04-16 10:37:54.063113,0.6190899908542633,0.22213760018348694
1744814274.0793824,2025-04-16 10:37:54.079382,0.6165216267108917,0.22797980159521103
1744814274.0960524,2025-04-16 10:37:54.096052,0.6173635423183441,0.22334014624357224
1744814274.113053,2025-04-16 10:37:54.113053,0.6177247166633606,0.23166799545288086
1744814274.1302748,2025-04-16 10:37:54.130275,0.621402382850647,0.21268262714147568
1744814274.146263,2025-04-16 10:37:54.146263,0.6178508996963501,0.21536868810653687
1744814274.1632812,2025-04-16 10:37:54.163281,0.6165801882743835,0.221702940762043
1744814274.17928,2025-04-16 10:37:54.179280,0.6183379888534546,0.2331971898674965
1744814274.1959043,2025-04-16 10:37:54.195904,0.6180788576602936,0.23345182836055756
1744814274.2132041,2025-04-16 10:37:54.213204,0.6150505542755127,0.2340329810976982
1744814274.2301977,2025-04-16 10:37:54.230198,0.6147313416004181,0.23870481550693512
1744814274.2461977,2025-04-16 10:37:54.246198,0.6197223663330078,0.22889765352010727
1744814274.2632053,2025-04-16 10:37:54.263205,0.6131438910961151,0.23369601368904114
1744814274.2792053,2025-04-16 10:37:54.279205,0.6124457120895386,0.23914385586977005
1744814274.2957323,2025-04-16 10:37:54.295732,0.5935064852237701,0.2403019741177559
1744814274.3132591,2025-04-16 10:37:54.313259,0.5927598774433136,0.24225150048732758
1744814274.3292606,2025-04-16 10:37:54.329261,0.5934070944786072,0.2406075820326805
1744814274.3462524,2025-04-16 10:37:54.346252,0.5922553539276123,0.23568592220544815
1744814274.3632526,2025-04-16 10:37:54.363253,0.5950572192668915,0.23686066269874573
1744814274.379262,2025-04-16 10:37:54.379262,0.5965482890605927,0.2310061752796173
1744814274.3957894,2025-04-16 10:37:54.395789,0.5948817133903503,0.246269091963768
1744814274.413375,2025-04-16 10:37:54.413375,0.5965195894241333,0.23581282049417496
1744814274.4293754,2025-04-16 10:37:54.429375,0.5929532945156097,0.2309625819325447
1744814274.4463685,2025-04-16 10:37:54.446368,0.5961816310882568,0.2247854545712471
1744814274.4633687,2025-04-16 10:37:54.463369,0.5984715223312378,0.2345901057124138
1744814274.4801514,2025-04-16 10:37:54.480151,0.5984515249729156,0.23366624116897583
1744814274.4956787,2025-04-16 10:37:54.495679,0.5933083593845367,0.24273154139518738
1744814274.5132678,2025-04-16 10:37:54.513268,0.5988823771476746,0.2419429048895836
1744814274.530197,2025-04-16 10:37:54.530197,0.5961190164089203,0.2403513491153717
1744814274.5455844,2025-04-16 10:37:54.545584,0.5956947505474091,0.2400261014699936
1744814274.563236,2025-04-16 10:37:54.563236,0.5984243154525757,0.2308938130736351
1744814274.5803874,2025-04-16 10:37:54.580387,0.5971861481666565,0.2447235882282257
1744814274.597147,2025-04-16 10:37:54.597147,0.5971967279911041,0.2327900230884552
1744814274.613287,2025-04-16 10:37:54.613287,0.5945242643356323,0.23507779091596603
1744814274.6301181,2025-04-16 10:37:54.630118,0.5950833559036255,0.2336423173546791
1744814274.6466446,2025-04-16 10:37:54.646645,0.5975669622421265,0.22934823483228683
1744814274.6631231,2025-04-16 10:37:54.663123,0.5980278253555298,0.2443852424621582
1744814274.6795914,2025-04-16 10:37:54.679591,0.5981244444847107,0.23219484835863113
1744814274.6972377,2025-04-16 10:37:54.697238,0.601352334022522,0.2291726917028427
1744814274.713248,2025-04-16 10:37:54.713248,0.5984773635864258,0.22835680097341537
1744814274.7300236,2025-04-16 10:37:54.730024,0.5956612229347229,0.24093421548604965
1744814274.7470412,2025-04-16 10:37:54.747041,0.5942265093326569,0.23620647192001343
1744814274.7636838,2025-04-16 10:37:54.763684,0.6165179312229156,0.2469172179698944
1744814274.780276,2025-04-16 10:37:54.780276,0.625520795583725,0.2184990644454956
1744814274.7959242,2025-04-16 10:37:54.795924,0.6225941479206085,0.23376881331205368
1744814274.8132539,2025-04-16 10:37:54.813254,0.6267001628875732,0.23340028524398804
1744814274.8292418,2025-04-16 10:37:54.829242,0.6255596876144409,0.2200845330953598
1744814274.8472703,2025-04-16 10:37:54.847270,0.6259425580501556,0.22450174391269684
1744814274.8631768,2025-04-16 10:37:54.863177,0.6239782571792603,0.22363504022359848
1744814274.8799636,2025-04-16 10:37:54.879964,0.6237234771251678,0.22907080501317978
1744814274.8963008,2025-04-16 10:37:54.896301,0.6241464018821716,0.21560707688331604
1744814274.913454,2025-04-16 10:37:54.913454,0.6235966086387634,0.22808270901441574
1744814274.9303253,2025-04-16 10:37:54.930325,0.6260046660900116,0.22843463718891144
1744814274.947012,2025-04-16 10:37:54.947012,0.6246438920497894,0.22825320065021515
1744814274.9631119,2025-04-16 10:37:54.963112,0.6234980821609497,0.22928810119628906
1744814274.9801517,2025-04-16 10:37:54.980152,0.6227011382579803,0.21260010451078415
1744814274.99567,2025-04-16 10:37:54.995670,0.6263354122638702,0.2287750318646431
1744814275.0127103,2025-04-16 10:37:55.012710,0.6259656250476837,0.2302725464105606
1744814275.029987,2025-04-16 10:37:55.029987,0.6232528686523438,0.22757075726985931
1744814275.0463545,2025-04-16 10:37:55.046355,0.6037876307964325,0.2317909076809883
1744814275.0631437,2025-04-16 10:37:55.063144,0.5994266271591187,0.21334455162286758
1744814275.080142,2025-04-16 10:37:55.080142,0.6005197167396545,0.2252914384007454
1744814275.0972939,2025-04-16 10:37:55.097294,0.5982031524181366,0.2212062105536461
1744814275.1132894,2025-04-16 10:37:55.113289,0.6020419299602509,0.2217758446931839
1744814275.131333,2025-04-16 10:37:55.131333,0.5999342501163483,0.2286180555820465
1744814275.1463027,2025-04-16 10:37:55.146303,0.6021114587783813,0.22536004334688187
1744814275.1629436,2025-04-16 10:37:55.162944,0.5984438061714172,0.23099754750728607
1744814275.1799414,2025-04-16 10:37:55.179941,0.601600170135498,0.23013057559728622
1744814275.196652,2025-04-16 10:37:55.196652,0.6014564037322998,0.24205870181322098
1744814275.2131958,2025-04-16 10:37:55.213196,0.6017943620681763,0.21364973485469818
1744814275.229329,2025-04-16 10:37:55.229329,0.5980840623378754,0.21372945606708527
1744814275.2471504,2025-04-16 10:37:55.247150,0.5999409556388855,0.23104910552501678
1744814275.2627532,2025-04-16 10:37:55.262753,0.5990464985370636,0.23018738627433777
1744814275.279335,2025-04-16 10:37:55.279335,0.5991915762424469,0.2371831238269806
1744814275.2974074,2025-04-16 10:37:55.297407,0.6010846495628357,0.22768660634756088
1744814275.3133795,2025-04-16 10:37:55.313380,0.6037985384464264,0.23318763077259064
1744814275.3301263,2025-04-16 10:37:55.330126,0.6024911999702454,0.23280392587184906
1744814275.3460991,2025-04-16 10:37:55.346099,0.5993925929069519,0.23230203241109848
1744814275.363394,2025-04-16 10:37:55.363394,0.6033067405223846,0.2187003344297409
1744814275.3802702,2025-04-16 10:37:55.380270,0.6231183409690857,0.21679086238145828
1744814275.3955493,2025-04-16 10:37:55.395549,0.6245404779911041,0.2284836545586586
1744814275.4135766,2025-04-16 10:37:55.413577,0.6260095238685608,0.22301676869392395
1744814275.4300516,2025-04-16 10:37:55.430052,0.6268303990364075,0.2259598970413208
1744814275.4462967,2025-04-16 10:37:55.446297,0.6234364211559296,0.21806732565164566
1744814275.4644744,2025-04-16 10:37:55.464474,0.6253546476364136,0.21379312127828598
1744814275.480028,2025-04-16 10:37:55.480028,0.6223695576190948,0.2114831656217575
1744814275.497098,2025-04-16 10:37:55.497098,0.6241780519485474,0.226781964302063
1744814275.513246,2025-04-16 10:37:55.513246,0.625424712896347,0.22893790900707245
1744814275.5301228,2025-04-16 10:37:55.530123,0.6246684193611145,0.22562715411186218
1744814275.5467682,2025-04-16 10:37:55.546768,0.6240215599536896,0.21827780455350876
1744814275.5632973,2025-04-16 10:37:55.563297,0.6222353875637054,0.2301955297589302
1744814275.580317,2025-04-16 10:37:55.580317,0.6222749054431915,0.2226451262831688
1744814275.5973594,2025-04-16 10:37:55.597359,0.6272840797901154,0.22967275232076645
1744814275.613377,2025-04-16 10:37:55.613377,0.6237501204013824,0.22630178928375244
1744814275.6302624,2025-04-16 10:37:55.630262,0.6255773901939392,0.2281179577112198
1744814275.6463015,2025-04-16 10:37:55.646302,0.6226177513599396,0.2330876886844635
1744814275.6630917,2025-04-16 10:37:55.663092,0.6233351528644562,0.23595646023750305
1744814275.6796992,2025-04-16 10:37:55.679699,0.6232741177082062,0.22718606889247894
1744814275.6957717,2025-04-16 10:37:55.695772,0.6243661046028137,0.23170217126607895
1744814275.7130363,2025-04-16 10:37:55.713036,0.6216616630554199,0.22878282517194748
1744814275.7300372,2025-04-16 10:37:55.730037,0.6220900416374207,0.22585107386112213
1744814275.7471235,2025-04-16 10:37:55.747123,0.6225579679012299,0.24299795925617218
1744814275.7632554,2025-04-16 10:37:55.763255,0.6232833564281464,0.2310139685869217
1744814275.7803226,2025-04-16 10:37:55.780323,0.6236782670021057,0.23466137796640396
1744814275.7961826,2025-04-16 10:37:55.796183,0.6244569718837738,0.23395563662052155
1744814275.813494,2025-04-16 10:37:55.813494,0.6210318207740784,0.23268989473581314
1744814275.8309717,2025-04-16 10:37:55.830972,0.6231294572353363,0.2264113500714302
1744814275.8471556,2025-04-16 10:37:55.847156,0.621501088142395,0.23532512038946152
1744814275.863172,2025-04-16 10:37:55.863172,0.624954104423523,0.23133676499128342
1744814275.8791778,2025-04-16 10:37:55.879178,0.6215942800045013,0.23929468542337418
1744814275.8964045,2025-04-16 10:37:55.896405,0.6213333010673523,0.21504349261522293
1744814275.912412,2025-04-16 10:37:55.912412,0.6224604845046997,0.2290310636162758
1744814275.929672,2025-04-16 10:37:55.929672,0.6242440938949585,0.22294075787067413
1744814275.9461987,2025-04-16 10:37:55.946199,0.5447232127189636,0.24059469252824783
1744814275.9632425,2025-04-16 10:37:55.963243,0.4034532159566879,0.2242223247885704
1744814275.980011,2025-04-16 10:37:55.980011,0.32500873506069183,0.21650142222642899
1744814275.9962661,2025-04-16 10:37:55.996266,0.32986240088939667,0.20689812302589417
1744814276.0138474,2025-04-16 10:37:56.013847,0.3361644744873047,0.2041524574160576
1744814276.0303633,2025-04-16 10:37:56.030363,0.33660219609737396,0.18726734071969986
1744814276.0463555,2025-04-16 10:37:56.046355,0.3381328731775284,0.21210944652557373
1744814276.062357,2025-04-16 10:37:56.062357,0.34062957763671875,0.2026456668972969
1744814276.0801094,2025-04-16 10:37:56.080109,0.3449743986129761,0.21018320322036743
1744814276.0974011,2025-04-16 10:37:56.097401,0.3422861099243164,0.2014448568224907
1744814276.113926,2025-04-16 10:37:56.113926,0.3418869078159332,0.19905894994735718
1744814276.1335611,2025-04-16 10:37:56.133561,0.33934712409973145,0.1923186257481575
1744814276.150178,2025-04-16 10:37:56.150178,0.33769501745700836,0.20070742070674896
1744814276.1631799,2025-04-16 10:37:56.163180,0.3430524617433548,0.19553279131650925
1744814276.180309,2025-04-16 10:37:56.180309,0.3436625003814697,0.1886187344789505
1744814276.196442,2025-04-16 10:37:56.196442,0.31169477105140686,0.19927681237459183
1744814276.213326,2025-04-16 10:37:56.213326,0.3082798719406128,0.19833263754844666
1744814276.2302034,2025-04-16 10:37:56.230203,0.3046744018793106,0.2082761898636818
1744814276.2459857,2025-04-16 10:37:56.245986,0.305189847946167,0.18633614480495453
1744814276.2631495,2025-04-16 10:37:56.263149,0.30676881968975067,0.2014264613389969
1744814276.2801504,2025-04-16 10:37:56.280150,0.30571888387203217,0.19968096911907196
1744814276.2964633,2025-04-16 10:37:56.296463,0.30692481994628906,0.19846872985363007
1744814276.3131237,2025-04-16 10:37:56.313124,0.30815382301807404,0.19841720163822174
1744814276.3293839,2025-04-16 10:37:56.329384,0.30793122947216034,0.20162367820739746
1744814276.34598,2025-04-16 10:37:56.345980,0.30867499113082886,0.19677012413740158
1744814276.3632782,2025-04-16 10:37:56.363278,0.3099633753299713,0.20854243636131287
1744814276.3790467,2025-04-16 10:37:56.379047,0.3082660734653473,0.19569141417741776
1744814276.397315,2025-04-16 10:37:56.397315,0.32825423777103424,0.19910799711942673
1744814276.4141257,2025-04-16 10:37:56.414126,0.3868204206228256,0.19450316578149796
1744814276.4294066,2025-04-16 10:37:56.429407,0.3949817419052124,0.19247686117887497
1744814276.4461174,2025-04-16 10:37:56.446117,0.38860344886779785,0.1869417205452919
1744814276.4645057,2025-04-16 10:37:56.464506,0.39346787333488464,0.20516681671142578
1744814276.4792778,2025-04-16 10:37:56.479278,0.386893555521965,0.19196350872516632
1744814276.4960392,2025-04-16 10:37:56.496039,0.38753990828990936,0.20356810092926025
1744814276.5133333,2025-04-16 10:37:56.513333,0.38740934431552887,0.19805744290351868
1744814276.5296464,2025-04-16 10:37:56.529646,0.38672901690006256,0.201055146753788
1744814276.5461802,2025-04-16 10:37:56.546180,0.386542946100235,0.20786194503307343
1744814276.5628047,2025-04-16 10:37:56.562805,0.3841148912906647,0.1944405883550644
1744814276.5801406,2025-04-16 10:37:56.580141,0.3890468180179596,0.1991252824664116
1744814276.5959861,2025-04-16 10:37:56.595986,0.38703058660030365,0.20220591127872467
1744814276.6130419,2025-04-16 10:37:56.613042,0.388286828994751,0.2018689140677452
1744814276.6300664,2025-04-16 10:37:56.630066,0.3886892795562744,0.20191626995801926
1744814276.645716,2025-04-16 10:37:56.645716,0.3893945515155792,0.20056866109371185
1744814276.6632435,2025-04-16 10:37:56.663244,0.3882410377264023,0.2021012082695961
1744814276.6792438,2025-04-16 10:37:56.679244,0.38990287482738495,0.20560871809720993
1744814276.696061,2025-04-16 10:37:56.696061,0.3858780562877655,0.19357306510210037
1744814276.713258,2025-04-16 10:37:56.713258,0.3875431567430496,0.19742360711097717
1744814276.729301,2025-04-16 10:37:56.729301,0.3864903897047043,0.1967218741774559
1744814276.7461796,2025-04-16 10:37:56.746180,0.3876683861017227,0.19685837626457214
1744814276.7629912,2025-04-16 10:37:56.762991,0.38549403846263885,0.1876012310385704
1744814276.7800503,2025-04-16 10:37:56.780050,0.3840392827987671,0.17944442480802536
1744814276.7962234,2025-04-16 10:37:56.796223,0.3873428404331207,0.19630718231201172
1744814276.8131137,2025-04-16 10:37:56.813114,0.38748055696487427,0.19338038563728333
1744814276.8292954,2025-04-16 10:37:56.829295,0.382453054189682,0.191088005900383
1744814276.8458962,2025-04-16 10:37:56.845896,0.3655325323343277,0.20095805078744888
1744814276.863953,2025-04-16 10:37:56.863953,0.3563750237226486,0.19388846307992935
1744814276.8791635,2025-04-16 10:37:56.879164,0.35571910440921783,0.20326858013868332
1744814276.8960083,2025-04-16 10:37:56.896008,0.3525446355342865,0.20521563291549683
1744814276.9132943,2025-04-16 10:37:56.913294,0.3508376479148865,0.20630522817373276
1744814276.929665,2025-04-16 10:37:56.929665,0.3528137058019638,0.1980750635266304
1744814276.9471395,2025-04-16 10:37:56.947140,0.3517153263092041,0.19568388164043427
1744814276.963181,2025-04-16 10:37:56.963181,0.3557984083890915,0.19388920068740845
1744814276.9812696,2025-04-16 10:37:56.981270,0.35751964151859283,0.21370523422956467
1744814276.9958196,2025-04-16 10:37:56.995820,0.35795561969280243,0.2015644535422325
1744814277.0132022,2025-04-16 10:37:57.013202,0.3551342338323593,0.19216415286064148
1744814277.0293486,2025-04-16 10:37:57.029349,0.3553420752286911,0.18766044080257416
1744814277.0462,2025-04-16 10:37:57.046200,0.336609810590744,0.19118313491344452
1744814277.0629046,2025-04-16 10:37:57.062905,0.30033421516418457,0.20022064447402954
1744814277.0799954,2025-04-16 10:37:57.079995,0.30012987554073334,0.20691458135843277
1744814277.0962572,2025-04-16 10:37:57.096257,0.29685036838054657,0.19871504604816437
1744814277.113288,2025-04-16 10:37:57.113288,0.2955987751483917,0.19893822073936462
1744814277.129616,2025-04-16 10:37:57.129616,0.29414278268814087,0.1988798901438713
1744814277.1469748,2025-04-16 10:37:57.146975,0.2954264134168625,0.2009732499718666
1744814277.163979,2025-04-16 10:37:57.163979,0.2966831773519516,0.19443856179714203
1744814277.179361,2025-04-16 10:37:57.179361,0.29653897881507874,0.2004503831267357
1744814277.1959152,2025-04-16 10:37:57.195915,0.2998230755329132,0.2056022584438324
1744814277.2150738,2025-04-16 10:37:57.215074,0.29586881399154663,0.1910865381360054
1744814277.229305,2025-04-16 10:37:57.229305,0.29975177347660065,0.2022431120276451
1744814277.246135,2025-04-16 10:37:57.246135,0.29952916502952576,0.20329248160123825
1744814277.2633595,2025-04-16 10:37:57.263360,0.2994963973760605,0.1968589499592781
1744814277.2792315,2025-04-16 10:37:57.279232,0.301335871219635,0.20391149818897247
1744814277.2979705,2025-04-16 10:37:57.297971,0.29904280602931976,0.20359929651021957
1744814277.3143077,2025-04-16 10:37:57.314308,0.2988547384738922,0.2041996642947197
1744814277.3297727,2025-04-16 10:37:57.329773,0.29709091782569885,0.20032329112291336
1744814277.3473377,2025-04-16 10:37:57.347338,0.2964595556259155,0.20564156025648117
1744814277.3632367,2025-04-16 10:37:57.363237,0.2971750646829605,0.2075873613357544
1744814277.3800116,2025-04-16 10:37:57.380012,0.2977944016456604,0.20876383781433105
1744814277.3960116,2025-04-16 10:37:57.396012,0.29799558222293854,0.2016434669494629
1744814277.4130244,2025-04-16 10:37:57.413024,0.2957390397787094,0.2058238610625267
1744814277.4296925,2025-04-16 10:37:57.429693,0.34132155776023865,0.2048623487353325
1744814277.4458473,2025-04-16 10:37:57.445847,0.36618752777576447,0.20327302813529968
1744814277.462387,2025-04-16 10:37:57.462387,0.3675760179758072,0.19777189940214157
1744814277.4793153,2025-04-16 10:37:57.479315,0.3633766770362854,0.19503938406705856
1744814277.4961486,2025-04-16 10:37:57.496149,0.3622566759586334,0.19370220601558685
1744814277.5131538,2025-04-16 10:37:57.513154,0.3609348237514496,0.18978812545537949
1744814277.530148,2025-04-16 10:37:57.530148,0.36200225353240967,0.204603910446167
1744814277.5463088,2025-04-16 10:37:57.546309,0.36174945533275604,0.20699848979711533
1744814277.5633066,2025-04-16 10:37:57.563307,0.36058908700942993,0.20022208243608475
1744814277.5789373,2025-04-16 10:37:57.578937,0.36044885218143463,0.208237886428833
1744814277.597418,2025-04-16 10:37:57.597418,0.3621058315038681,0.20091942697763443
1744814277.6130815,2025-04-16 10:37:57.613081,0.3591034561395645,0.1937294751405716
1744814277.6301837,2025-04-16 10:37:57.630184,0.3598015606403351,0.18949703872203827
1744814277.6473372,2025-04-16 10:37:57.647337,0.3575722575187683,0.19186372309923172
1744814277.663242,2025-04-16 10:37:57.663242,0.3572835922241211,0.1868506669998169
1744814277.679241,2025-04-16 10:37:57.679241,0.359134241938591,0.1864306703209877
1744814277.695762,2025-04-16 10:37:57.695762,0.3592688888311386,0.18700280040502548
1744814277.7133017,2025-04-16 10:37:57.713302,0.3614019453525543,0.19115472584962845
1744814277.729973,2025-04-16 10:37:57.729973,0.3605969250202179,0.19090112298727036
1744814277.7472546,2025-04-16 10:37:57.747255,0.3604387044906616,0.19762355834245682
1744814277.7633705,2025-04-16 10:37:57.763371,0.36181919276714325,0.19656192511320114
1744814277.7803702,2025-04-16 10:37:57.780370,0.35977210104465485,0.18770359456539154
1744814277.7958462,2025-04-16 10:37:57.795846,0.3594929575920105,0.18255480378866196
1744814277.813626,2025-04-16 10:37:57.813626,0.3605506718158722,0.19864420592784882
1744814277.8292134,2025-04-16 10:37:57.829213,0.3607633113861084,0.19898349046707153
1744814277.8470073,2025-04-16 10:37:57.847007,0.3615548014640808,0.19405101239681244
1744814277.8630433,2025-04-16 10:37:57.863043,0.3593892753124237,0.19835810363292694
1744814277.880032,2025-04-16 10:37:57.880032,0.3593405783176422,0.20189693570137024
1744814277.8959737,2025-04-16 10:37:57.895974,0.3618745505809784,0.20477355271577835
1744814277.9133067,2025-04-16 10:37:57.913307,0.3591635972261429,0.19180817157030106
1744814277.9301217,2025-04-16 10:37:57.930122,0.35888080298900604,0.19402505457401276
1744814277.946115,2025-04-16 10:37:57.946115,0.35730496048927307,0.18459630012512207
1744814277.9639165,2025-04-16 10:37:57.963917,0.3609529733657837,0.1961357519030571
1744814277.9799397,2025-04-16 10:37:57.979940,0.35990430414676666,0.19029179960489273
1744814277.9973485,2025-04-16 10:37:57.997349,0.3616550415754318,0.1965702399611473
1744814278.0136604,2025-04-16 10:37:58.013660,0.36592844128608704,0.21205179393291473
1744814278.0301929,2025-04-16 10:37:58.030193,0.36238525807857513,0.20646436512470245
1744814278.0459914,2025-04-16 10:37:58.045991,0.3625355362892151,0.21242091804742813
1744814278.0632164,2025-04-16 10:37:58.063216,0.36059488356113434,0.19817815721035004
1744814278.0802357,2025-04-16 10:37:58.080236,0.3605277091264725,0.20415278524160385
1744814278.0959158,2025-04-16 10:37:58.095916,0.3639875501394272,0.20361987501382828
1744814278.1134844,2025-04-16 10:37:58.113484,0.3619980365037918,0.20149149745702744
1744814278.1300166,2025-04-16 10:37:58.130017,0.35996049642562866,0.2094327062368393
1744814278.1469922,2025-04-16 10:37:58.146992,0.3594633936882019,0.19052118808031082
1744814278.1629856,2025-04-16 10:37:58.162986,0.3591211140155792,0.18038998544216156
1744814278.1793265,2025-04-16 10:37:58.179327,0.35931530594825745,0.19479376822710037
1744814278.1959913,2025-04-16 10:37:58.195991,0.3620560020208359,0.19966324418783188
1744814278.213578,2025-04-16 10:37:58.213578,0.3612217903137207,0.21143146604299545
1744814278.2301126,2025-04-16 10:37:58.230113,0.3611626923084259,0.21038293093442917
1744814278.2459257,2025-04-16 10:37:58.245926,0.3611717224121094,0.21570110321044922
1744814278.2635093,2025-04-16 10:37:58.263509,0.36034300923347473,0.21171437203884125
1744814278.2791626,2025-04-16 10:37:58.279163,0.36207298934459686,0.21209852397441864
1744814278.2974453,2025-04-16 10:37:58.297445,0.3602118343114853,0.21126306802034378
1744814278.3131595,2025-04-16 10:37:58.313159,0.36165429651737213,0.2071806713938713
1744814278.329322,2025-04-16 10:37:58.329322,0.35845527052879333,0.19989139586687088
1744814278.3472607,2025-04-16 10:37:58.347261,0.36123743653297424,0.20858441293239594
1744814278.3632796,2025-04-16 10:37:58.363280,0.358756959438324,0.20812206715345383
1744814278.3815756,2025-04-16 10:37:58.381576,0.359245628118515,0.20310700684785843
1744814278.397321,2025-04-16 10:37:58.397321,0.36092720925807953,0.19523195922374725
1744814278.4133966,2025-04-16 10:37:58.413397,0.3581610918045044,0.18987111002206802
1744814278.429455,2025-04-16 10:37:58.429455,0.3583184480667114,0.19929594546556473
1744814278.4455068,2025-04-16 10:37:58.445507,0.3585483282804489,0.1985205039381981
1744814278.4625454,2025-04-16 10:37:58.462545,0.3605313301086426,0.2021830528974533
1744814278.4792445,2025-04-16 10:37:58.479244,0.3583184778690338,0.1960545778274536
1744814278.4960604,2025-04-16 10:37:58.496060,0.35696810483932495,0.1912507712841034
1744814278.5130937,2025-04-16 10:37:58.513094,0.3542878180742264,0.1832846701145172
1744814278.5304604,2025-04-16 10:37:58.530460,0.3621385395526886,0.1997222751379013
1744814278.5480301,2025-04-16 10:37:58.548030,0.3590766191482544,0.19714348018169403
1744814278.5629961,2025-04-16 10:37:58.562996,0.3585013449192047,0.19447991251945496
1744814278.579123,2025-04-16 10:37:58.579123,0.36502639949321747,0.2215343788266182
1744814278.5962603,2025-04-16 10:37:58.596260,0.41211046278476715,0.2603789418935776
1744814278.6138105,2025-04-16 10:37:58.613811,0.41449204087257385,0.2864788919687271
1744814278.6293764,2025-04-16 10:37:58.629376,0.41542577743530273,0.30163267254829407
1744814278.6473532,2025-04-16 10:37:58.647353,0.414604976773262,0.3125162869691849
1744814278.6631742,2025-04-16 10:37:58.663174,0.41472847759723663,0.3008742779493332
1744814278.6792681,2025-04-16 10:37:58.679268,0.4132700562477112,0.29899685084819794
1744814278.6963131,2025-04-16 10:37:58.696313,0.4149273633956909,0.30638575553894043
1744814278.7131066,2025-04-16 10:37:58.713107,0.41392551362514496,0.3027399480342865
1744814278.731104,2025-04-16 10:37:58.731104,0.40016454458236694,0.3544994443655014
1744814278.7461045,2025-04-16 10:37:58.746104,0.39865022897720337,0.35366468131542206
1744814278.763288,2025-04-16 10:37:58.763288,0.397351011633873,0.36137886345386505
1744814278.779261,2025-04-16 10:37:58.779261,0.39790448546409607,0.3562685549259186
1744814278.7963731,2025-04-16 10:37:58.796373,0.3973274976015091,0.36458179354667664
1744814278.8134549,2025-04-16 10:37:58.813455,0.3913605213165283,0.3590039014816284
1744814278.830198,2025-04-16 10:37:58.830198,0.32006895542144775,0.49762021005153656
1744814278.8464723,2025-04-16 10:37:58.846472,0.20228594541549683,0.7262453436851501
1744814278.8628085,2025-04-16 10:37:58.862808,0.1620970517396927,0.9068188369274139
1744814278.878332,2025-04-16 10:37:58.878332,nan,nan
1744814278.8958285,2025-04-16 10:37:58.895828,nan,nan
1744814278.9131181,2025-04-16 10:37:58.913118,0.14732062071561813,0.9816993474960327
1744814278.928125,2025-04-16 10:37:58.928125,nan,nan
1744814278.9453957,2025-04-16 10:37:58.945396,nan,nan
1744814278.9633908,2025-04-16 10:37:58.963391,0.1455598622560501,0.9696648716926575
1744814278.9798918,2025-04-16 10:37:58.979892,0.15838352590799332,0.9488599896430969
1744814278.995664,2025-04-16 10:37:58.995664,0.14889556914567947,0.8930276334285736
1744814279.0127473,2025-04-16 10:37:59.012747,0.1492118462920189,0.887485682964325
1744814279.0297732,2025-04-16 10:37:59.029773,0.14918015152215958,0.8910489976406097
1744814279.0461295,2025-04-16 10:37:59.046129,0.15137194842100143,0.8955212235450745
1744814279.0633633,2025-04-16 10:37:59.063363,0.15527773648500443,0.8946853578090668
1744814279.080117,2025-04-16 10:37:59.080117,0.14920073747634888,0.8940425217151642
1744814279.0974016,2025-04-16 10:37:59.097402,0.15089988708496094,0.8901638388633728
1744814279.113008,2025-04-16 10:37:59.113008,0.14775851368904114,0.891817718744278
1744814279.131311,2025-04-16 10:37:59.131311,0.15208222717046738,0.8966431319713593
1744814279.145732,2025-04-16 10:37:59.145732,0.1483403518795967,0.8340949416160583
1744814279.1626148,2025-04-16 10:37:59.162615,0.15338221937417984,0.8146770596504211
1744814279.179158,2025-04-16 10:37:59.179158,0.15206005424261093,0.8210071325302124
1744814279.1968343,2025-04-16 10:37:59.196834,0.15237262099981308,0.8198373317718506
1744814279.213842,2025-04-16 10:37:59.213842,0.1524711325764656,0.826380044221878
1744814279.2303343,2025-04-16 10:37:59.230334,0.1580318734049797,0.8246137797832489
1744814279.245447,2025-04-16 10:37:59.245447,0.15319688618183136,0.8233208358287811
1744814279.2647517,2025-04-16 10:37:59.264752,0.13668736815452576,0.7671666741371155
1744814279.280381,2025-04-16 10:37:59.280381,0.1400156244635582,0.7720673978328705
1744814279.2960904,2025-04-16 10:37:59.296090,0.1414181962609291,0.7675075829029083
1744814279.3156817,2025-04-16 10:37:59.315682,0.14442715048789978,0.771045446395874
1744814279.3303084,2025-04-16 10:37:59.330308,0.1419457569718361,0.767911821603775
1744814279.3480496,2025-04-16 10:37:59.348050,0.14087511599063873,0.7760414183139801
1744814279.3630455,2025-04-16 10:37:59.363045,0.14207186549901962,0.7723638415336609
1744814279.379636,2025-04-16 10:37:59.379636,0.14403869956731796,0.7721417248249054
1744814279.3964102,2025-04-16 10:37:59.396410,0.1420825868844986,0.7729292511940002
1744814279.4137688,2025-04-16 10:37:59.413769,0.14136049896478653,0.7786187827587128
1744814279.4297247,2025-04-16 10:37:59.429725,0.14999698102474213,0.7784491777420044
1744814279.4466171,2025-04-16 10:37:59.446617,0.15786470472812653,0.7883624732494354
1744814279.4634132,2025-04-16 10:37:59.463413,0.16005858778953552,0.7832761704921722
1744814279.4814308,2025-04-16 10:37:59.481431,0.15693113207817078,0.7866579294204712
1744814279.4964273,2025-04-16 10:37:59.496427,0.15249402076005936,0.7785747349262238
1744814279.5143042,2025-04-16 10:37:59.514304,0.16178180277347565,0.7846425771713257
1744814279.5300837,2025-04-16 10:37:59.530084,0.15994753688573837,0.785749614238739
1744814279.5463214,2025-04-16 10:37:59.546321,0.16257888078689575,0.7874015271663666
1744814279.5636008,2025-04-16 10:37:59.563601,0.16060176491737366,0.7887214124202728
1744814279.5790226,2025-04-16 10:37:59.579023,0.15867196023464203,0.7860141098499298
1744814279.595871,2025-04-16 10:37:59.595871,0.16212887316942215,0.7848241031169891
1744814279.6132863,2025-04-16 10:37:59.613286,0.15978846698999405,0.7864041924476624
1744814279.6301901,2025-04-16 10:37:59.630190,0.1601516306400299,0.7881080806255341
1744814279.6461914,2025-04-16 10:37:59.646191,0.1615743562579155,0.7878423035144806
1744814279.6632805,2025-04-16 10:37:59.663280,0.1588970348238945,0.7861504256725311
1744814279.679374,2025-04-16 10:37:59.679374,0.15763767063617706,0.7813862860202789
1744814279.6959007,2025-04-16 10:37:59.695901,0.1553250178694725,0.7879881262779236
1744814279.7134259,2025-04-16 10:37:59.713426,0.194715678691864,0.7795781195163727
1744814279.729324,2025-04-16 10:37:59.729324,0.21193482726812363,0.7804457247257233
1744814279.7455592,2025-04-16 10:37:59.745559,0.21285468339920044,0.7798539996147156
1744814279.7634597,2025-04-16 10:37:59.763460,0.21525651961565018,0.7856793999671936
1744814279.7800217,2025-04-16 10:37:59.780022,0.21398483216762543,0.7814719676971436
1744814279.7960885,2025-04-16 10:37:59.796088,0.21217813342809677,0.7858017385005951
1744814279.813083,2025-04-16 10:37:59.813083,0.207396499812603,0.7852464318275452
1744814279.829089,2025-04-16 10:37:59.829089,0.207485631108284,0.7854531109333038
1744814279.846089,2025-04-16 10:37:59.846089,0.2100614756345749,0.7793448865413666
1744814279.8630831,2025-04-16 10:37:59.863083,0.20855630934238434,0.7822941839694977
1744814279.8790824,2025-04-16 10:37:59.879082,0.21065571159124374,0.7896940112113953
1744814279.8956132,2025-04-16 10:37:59.895613,0.20919176191091537,0.7872605919837952
1744814279.913134,2025-04-16 10:37:59.913134,0.20400455594062805,0.7813538610935211
1744814279.9291344,2025-04-16 10:37:59.929134,0.21023555845022202,0.7836321294307709
1744814279.9461343,2025-04-16 10:37:59.946134,0.20718811452388763,0.7890264093875885
1744814279.9631286,2025-04-16 10:37:59.963129,0.2120160534977913,0.7874496579170227
1744814279.980048,2025-04-16 10:37:59.980048,0.2066962644457817,0.7847977876663208
1744814279.9965935,2025-04-16 10:37:59.996593,0.2086358591914177,0.7906262576580048
1744814280.013194,2025-04-16 10:38:00.013194,0.21087531000375748,0.7879628837108612
1744814280.0301032,2025-04-16 10:38:00.030103,0.2119305357336998,0.7820872664451599
1744814280.0462976,2025-04-16 10:38:00.046298,0.2112899050116539,0.780184417963028
1744814280.063397,2025-04-16 10:38:00.063397,0.21098417788743973,0.7825751602649689
1744814280.080714,2025-04-16 10:38:00.080714,0.20940116047859192,0.7865587770938873
1744814280.096463,2025-04-16 10:38:00.096463,0.21180421859025955,0.780905544757843
1744814280.1140018,2025-04-16 10:38:00.114002,0.2121938094496727,0.7906724214553833
1744814280.1305985,2025-04-16 10:38:00.130599,0.21144448220729828,0.7807332575321198
1744814280.1484702,2025-04-16 10:38:00.148470,0.207030788064003,0.7843913733959198
1744814280.163194,2025-04-16 10:38:00.163194,0.21255212277173996,0.7836905121803284
1744814280.1801932,2025-04-16 10:38:00.180193,0.20803029835224152,0.7816597819328308
1744814280.1973426,2025-04-16 10:38:00.197343,0.20899799466133118,0.7805039286613464
1744814280.214578,2025-04-16 10:38:00.214578,0.2056242674589157,0.7853140532970428
1744814280.2298322,2025-04-16 10:38:00.229832,0.1910940632224083,0.7840080857276917
1744814280.2458699,2025-04-16 10:38:00.245870,0.18445007503032684,0.7847939729690552
1744814280.2634635,2025-04-16 10:38:00.263463,0.18231812119483948,0.7892638444900513
1744814280.2805758,2025-04-16 10:38:00.280576,0.1815670058131218,0.7876267433166504
1744814280.296226,2025-04-16 10:38:00.296226,0.18112235516309738,0.7878037989139557
1744814280.3141024,2025-04-16 10:38:00.314102,0.18292833864688873,0.785468727350235
1744814280.3305547,2025-04-16 10:38:00.330555,0.18170295655727386,0.7834590077400208
1744814280.3460913,2025-04-16 10:38:00.346091,0.18033144623041153,0.7851938307285309
1744814280.3635702,2025-04-16 10:38:00.363570,0.18811994791030884,0.7921505868434906
1744814280.3802912,2025-04-16 10:38:00.380291,0.1821390464901924,0.7919088900089264
1744814280.3958347,2025-04-16 10:38:00.395835,0.18431652337312698,0.7941626906394958
1744814280.4139857,2025-04-16 10:38:00.413986,0.19243773818016052,0.7877271771430969
1744814280.4301546,2025-04-16 10:38:00.430155,0.2534264102578163,0.7843659520149231
1744814280.4460497,2025-04-16 10:38:00.446050,0.2583688497543335,0.7919219434261322
1744814280.4632347,2025-04-16 10:38:00.463235,0.25952839851379395,0.7847695350646973
1744814280.480274,2025-04-16 10:38:00.480274,0.2575676590204239,0.7869703769683838
1744814280.4960878,2025-04-16 10:38:00.496088,0.25774239003658295,0.7856123745441437
1744814280.5135405,2025-04-16 10:38:00.513541,0.25596438348293304,0.7861962616443634
1744814280.5301154,2025-04-16 10:38:00.530115,0.25289905816316605,0.78626349568367
1744814280.546403,2025-04-16 10:38:00.546403,0.2541423514485359,0.7887734770774841
1744814280.56555,2025-04-16 10:38:00.565550,0.25440603494644165,0.7873300015926361
1744814280.5801053,2025-04-16 10:38:00.580105,0.25307391583919525,0.7837226390838623
1744814280.5961883,2025-04-16 10:38:00.596188,0.25809410214424133,0.7908746004104614
1744814280.6138198,2025-04-16 10:38:00.613820,0.25534504652023315,0.7854903042316437
1744814280.6293402,2025-04-16 10:38:00.629340,0.25226305425167084,0.7801733016967773
1744814280.6463163,2025-04-16 10:38:00.646316,0.2523384094238281,0.7882177531719208
1744814280.664534,2025-04-16 10:38:00.664534,0.2522008717060089,0.7833782136440277
1744814280.6797051,2025-04-16 10:38:00.679705,0.2531154304742813,0.7867194414138794
1744814280.695922,2025-04-16 10:38:00.695922,0.2530176341533661,0.7818700969219208
1744814280.7139466,2025-04-16 10:38:00.713947,0.2523558586835861,0.7911621332168579
1744814280.7299626,2025-04-16 10:38:00.729963,0.25249604135751724,0.7876189053058624
1744814280.7470367,2025-04-16 10:38:00.747037,0.25172120332717896,0.787193238735199
1744814280.7636652,2025-04-16 10:38:00.763665,0.24506275355815887,0.7775047123432159
1744814280.780683,2025-04-16 10:38:00.780683,0.24558739364147186,0.7888748645782471
1744814280.7957706,2025-04-16 10:38:00.795771,0.24799872189760208,0.7814891040325165
1744814280.813765,2025-04-16 10:38:00.813765,0.24371302872896194,0.7871165871620178
1744814280.8301997,2025-04-16 10:38:00.830200,0.24398203939199448,0.7819692492485046
1744814280.8461468,2025-04-16 10:38:00.846147,0.21236412227153778,0.7948450446128845
1744814280.8642206,2025-04-16 10:38:00.864221,0.15140771865844727,0.8413119614124298
1744814280.8802774,2025-04-16 10:38:00.880277,0.1457415372133255,0.8518590331077576
1744814280.8979213,2025-04-16 10:38:00.897921,0.14775041490793228,0.8568849265575409
1744814280.914741,2025-04-16 10:38:00.914741,0.14555970579385757,0.8601520657539368
1744814280.9296246,2025-04-16 10:38:00.929625,0.14168715476989746,0.8487776517868042
1744814280.9454677,2025-04-16 10:38:00.945468,0.14568495005369186,0.8464490473270416
1744814280.9645352,2025-04-16 10:38:00.964535,0.14816702157258987,0.845365047454834
1744814280.9807959,2025-04-16 10:38:00.980796,0.1510375291109085,0.8527251183986664
1744814280.9958622,2025-04-16 10:38:00.995862,0.14555954188108444,0.8518451750278473
1744814281.0160687,2025-04-16 10:38:01.016069,0.14982200413942337,0.853190690279007
1744814281.0291402,2025-04-16 10:38:01.029140,0.14438479393720627,0.8804337680339813
1744814281.0458941,2025-04-16 10:38:01.045894,0.14502281695604324,0.8905530273914337
1744814281.0631316,2025-04-16 10:38:01.063132,0.14815536886453629,0.8882897794246674
1744814281.079686,2025-04-16 10:38:01.079686,0.15518516302108765,0.8862961530685425
1744814281.096114,2025-04-16 10:38:01.096114,0.1446034237742424,0.8854469954967499
1744814281.1129627,2025-04-16 10:38:01.112963,0.14715465158224106,0.889147013425827
1744814281.1299548,2025-04-16 10:38:01.129955,0.21167762577533722,0.8703324794769287
1744814281.1469572,2025-04-16 10:38:01.146957,0.418387696146965,0.8273607790470123
1744814281.162041,2025-04-16 10:38:01.162041,nan,nan
1744814281.178057,2025-04-16 10:38:01.178057,nan,nan
1744814281.1941803,2025-04-16 10:38:01.194180,nan,nan
1744814281.2117476,2025-04-16 10:38:01.211748,nan,nan
1744814281.228988,2025-04-16 10:38:01.228988,nan,nan
1744814281.2455726,2025-04-16 10:38:01.245573,nan,nan
1744814281.264104,2025-04-16 10:38:01.264104,0.7807202339172363,0.8497434854507446
1744814281.2821972,2025-04-16 10:38:01.282197,0.7881331741809845,0.8210767209529877
1744814281.297125,2025-04-16 10:38:01.297125,0.7981255054473877,0.8082160651683807
1744814281.3141437,2025-04-16 10:38:01.314144,0.8113498687744141,0.803742527961731
1744814281.3311572,2025-04-16 10:38:01.331157,0.8040486872196198,0.8243096470832825
1744814281.3475578,2025-04-16 10:38:01.347558,0.8065239787101746,0.812954306602478
1744814281.3655152,2025-04-16 10:38:01.365515,0.7995834648609161,0.8155665397644043
1744814281.380452,2025-04-16 10:38:01.380452,0.7794816792011261,0.8012487590312958
1744814281.3973465,2025-04-16 10:38:01.397346,0.7399292886257172,0.7573978006839752
1744814281.4143412,2025-04-16 10:38:01.414341,0.7343111932277679,0.7613483369350433
1744814281.4316208,2025-04-16 10:38:01.431621,0.7397595643997192,0.7567286193370819
1744814281.4479194,2025-04-16 10:38:01.447919,0.7404084503650665,0.7620603740215302
1744814281.46449,2025-04-16 10:38:01.464490,0.7387916147708893,0.7583165168762207
1744814281.4807775,2025-04-16 10:38:01.480778,0.7430445551872253,0.7594283223152161
1744814281.498005,2025-04-16 10:38:01.498005,0.7433977127075195,0.7696004211902618
1744814281.5149462,2025-04-16 10:38:01.514946,0.7420448958873749,0.7674612700939178
1744814281.5313692,2025-04-16 10:38:01.531369,0.7459912300109863,0.7650525569915771
1744814281.5484686,2025-04-16 10:38:01.548469,0.7359599173069,0.7639462649822235
1744814281.5640514,2025-04-16 10:38:01.564051,0.7314558923244476,0.7555381059646606
1744814281.5810626,2025-04-16 10:38:01.581063,0.7244682013988495,0.7564704716205597
1744814281.597943,2025-04-16 10:38:01.597943,0.7306254208087921,0.7566461563110352
1744814281.615517,2025-04-16 10:38:01.615517,0.7270967960357666,0.7590112090110779
1744814281.6295717,2025-04-16 10:38:01.629572,0.7269296646118164,0.7619674503803253
1744814281.6467757,2025-04-16 10:38:01.646776,0.7303946018218994,0.7593779265880585
1744814281.6638675,2025-04-16 10:38:01.663867,0.7279216051101685,0.7604239881038666
1744814281.681087,2025-04-16 10:38:01.681087,0.729227602481842,0.7607899904251099
1744814281.697841,2025-04-16 10:38:01.697841,0.7305803894996643,0.7631340026855469
1744814281.71728,2025-04-16 10:38:01.717280,0.7280734181404114,0.7616609036922455
1744814281.7314265,2025-04-16 10:38:01.731426,0.7304848432540894,0.7665688991546631
1744814281.747456,2025-04-16 10:38:01.747456,0.7655753195285797,0.7678960859775543
1744814281.76336,2025-04-16 10:38:01.763360,0.7713072597980499,0.7666662633419037
1744814281.7803533,2025-04-16 10:38:01.780353,0.7694478631019592,0.7653741240501404
1744814281.7970393,2025-04-16 10:38:01.797039,0.7688990831375122,0.7618134915828705
1744814281.8163335,2025-04-16 10:38:01.816334,0.7681355476379395,0.7630973160266876
1744814281.8300874,2025-04-16 10:38:01.830087,0.7722206711769104,0.7640640437602997
1744814281.8464925,2025-04-16 10:38:01.846493,0.7675267457962036,0.761163055896759
1744814281.863023,2025-04-16 10:38:01.863023,0.7690797448158264,0.7615308463573456
1744814281.879496,2025-04-16 10:38:01.879496,0.7658647000789642,0.7625306248664856
1744814281.8968496,2025-04-16 10:38:01.896850,0.7686235308647156,0.7608146667480469
1744814281.9134378,2025-04-16 10:38:01.913438,0.7700702548027039,0.7646853625774384
1744814281.9303305,2025-04-16 10:38:01.930331,0.7641462087631226,0.7617287039756775
1744814281.946992,2025-04-16 10:38:01.946992,0.7646901905536652,0.7619934380054474
1744814281.9630182,2025-04-16 10:38:01.963018,0.7948329150676727,0.765622615814209
1744814281.9834118,2025-04-16 10:38:01.983412,0.7928595542907715,0.7662089467048645
1744814281.9969149,2025-04-16 10:38:01.996915,0.7946643531322479,0.7602009773254395
1744814282.015465,2025-04-16 10:38:02.015465,0.7922767698764801,0.7625473439693451
1744814282.0300806,2025-04-16 10:38:02.030081,0.7903848886489868,0.761385440826416
1744814282.0483396,2025-04-16 10:38:02.048340,0.7933489680290222,0.7585730850696564
1744814282.063109,2025-04-16 10:38:02.063109,0.7928176820278168,0.7596302628517151
1744814282.080114,2025-04-16 10:38:02.080114,0.7937266528606415,0.7634484767913818
1744814282.0973804,2025-04-16 10:38:02.097380,0.7948866486549377,0.7662926912307739
1744814282.113515,2025-04-16 10:38:02.113515,0.7960008084774017,0.7667971849441528
1744814282.1300652,2025-04-16 10:38:02.130065,0.7936464846134186,0.7613536715507507
1744814282.1472142,2025-04-16 10:38:02.147214,0.7951087951660156,0.762070506811142
1744814282.1651196,2025-04-16 10:38:02.165120,0.7922258079051971,0.7633822858333588
1744814282.1801357,2025-04-16 10:38:02.180136,0.7893818318843842,0.7695468366146088
1744814282.1961625,2025-04-16 10:38:02.196162,0.7939136326313019,0.763627290725708
1744814282.2128308,2025-04-16 10:38:02.212831,0.7943920493125916,0.7663875818252563
1744814282.2302403,2025-04-16 10:38:02.230240,0.792840987443924,0.7712469398975372
1744814282.2472692,2025-04-16 10:38:02.247269,0.7824927270412445,0.7682436108589172
1744814282.2638702,2025-04-16 10:38:02.263870,0.743430882692337,0.761125236749649
1744814282.2804325,2025-04-16 10:38:02.280432,0.7418894469738007,0.761044055223465
1744814282.2971618,2025-04-16 10:38:02.297162,0.7437254190444946,0.7632789015769958
1744814282.3132272,2025-04-16 10:38:02.313227,0.7422047555446625,0.759981632232666
1744814282.330297,2025-04-16 10:38:02.330297,0.7446697950363159,0.7597412467002869
1744814282.3473103,2025-04-16 10:38:02.347310,0.7411327660083771,0.7592481374740601
1744814282.3627963,2025-04-16 10:38:02.362796,0.7401944696903229,0.7570668458938599
1744814282.380019,2025-04-16 10:38:02.380019,0.7417254745960236,0.7583892345428467
1744814282.3973708,2025-04-16 10:38:02.397371,0.7433046698570251,0.7554053664207458
1744814282.4128249,2025-04-16 10:38:02.412825,0.7401804327964783,0.7591983675956726
1744814282.4301054,2025-04-16 10:38:02.430105,0.7415094375610352,0.7588143050670624
1744814282.4467025,2025-04-16 10:38:02.446702,0.7423204183578491,0.7600935101509094
1744814282.4632006,2025-04-16 10:38:02.463201,0.7419354617595673,0.7553052306175232
1744814282.4797373,2025-04-16 10:38:02.479737,0.7454461455345154,0.7590095400810242
1744814282.496265,2025-04-16 10:38:02.496265,0.7421821653842926,0.7590676844120026
1744814282.5133684,2025-04-16 10:38:02.513368,0.7476007044315338,0.768081545829773
1744814282.530353,2025-04-16 10:38:02.530353,0.8008999228477478,0.7636230885982513
1744814282.5467346,2025-04-16 10:38:02.546735,0.8065919280052185,0.7602978646755219
1744814282.5633779,2025-04-16 10:38:02.563378,0.800057053565979,0.7697403132915497
1744814282.5800815,2025-04-16 10:38:02.580081,0.8039088249206543,0.7641853392124176
1744814282.5971608,2025-04-16 10:38:02.597161,0.8025057911872864,0.7729270458221436
1744814282.6130817,2025-04-16 10:38:02.613082,0.7915402948856354,0.765077531337738
1744814282.6300368,2025-04-16 10:38:02.630037,0.7950736582279205,0.7661545276641846
1744814282.647025,2025-04-16 10:38:02.647025,0.7969205677509308,0.7573215067386627
1744814282.6629941,2025-04-16 10:38:02.662994,0.7985929846763611,0.7616854608058929
1744814282.6793196,2025-04-16 10:38:02.679320,0.7993107438087463,0.7635994851589203
1744814282.6966064,2025-04-16 10:38:02.696606,0.8009991943836212,0.7620242834091187
1744814282.7133045,2025-04-16 10:38:02.713305,0.7981135547161102,0.7613798975944519
1744814282.7306848,2025-04-16 10:38:02.730685,0.7305638194084167,0.7743473052978516
1744814282.747067,2025-04-16 10:38:02.747067,0.7190109193325043,0.7880918085575104
1744814282.7630725,2025-04-16 10:38:02.763072,0.7247915267944336,0.7897379994392395
1744814282.7803779,2025-04-16 10:38:02.780378,0.7237717807292938,0.7906447052955627
1744814282.7974038,2025-04-16 10:38:02.797404,0.7225329875946045,0.7902847826480865
1744814282.813346,2025-04-16 10:38:02.813346,0.721487820148468,0.7892946898937225
1744814282.829811,2025-04-16 10:38:02.829811,0.7219691276550293,0.7918345034122467
1744814282.846438,2025-04-16 10:38:02.846438,0.7217482030391693,0.792505532503128
1744814282.863334,2025-04-16 10:38:02.863334,0.7227477729320526,0.7943454086780548
1744814282.8796055,2025-04-16 10:38:02.879606,0.7203816175460815,0.7910657823085785
1744814282.895611,2025-04-16 10:38:02.895611,0.7216422259807587,0.7980250120162964
1744814282.913237,2025-04-16 10:38:02.913237,0.7218267619609833,0.7952008843421936
1744814282.9303517,2025-04-16 10:38:02.930352,0.7219539880752563,0.7923290431499481
1744814282.9458477,2025-04-16 10:38:02.945848,0.7230298817157745,0.7922253012657166
1744814282.9633396,2025-04-16 10:38:02.963340,0.7238121628761292,0.7944587469100952
1744814282.9800518,2025-04-16 10:38:02.980052,0.7218628823757172,0.7887799739837646
1744814282.9975345,2025-04-16 10:38:02.997535,0.722152054309845,0.7872847616672516
1744814283.0129845,2025-04-16 10:38:03.012985,0.7191920876502991,0.793708860874176
1744814283.0300155,2025-04-16 10:38:03.030015,0.7249351739883423,0.7978442907333374
1744814283.0459764,2025-04-16 10:38:03.045976,0.7240820229053497,0.792775571346283
1744814283.063311,2025-04-16 10:38:03.063311,0.7192894518375397,0.7895561456680298
1744814283.0799491,2025-04-16 10:38:03.079949,0.7213486731052399,0.7895002365112305
1744814283.096079,2025-04-16 10:38:03.096079,0.7211005389690399,0.7950385510921478
1744814283.1130507,2025-04-16 10:38:03.113051,0.7203936874866486,0.7891703248023987
1744814283.129777,2025-04-16 10:38:03.129777,0.721036821603775,0.7894045412540436
1744814283.1459198,2025-04-16 10:38:03.145920,0.7251696586608887,0.788947343826294
1744814283.1633751,2025-04-16 10:38:03.163375,0.7239475548267365,0.7914904952049255
1744814283.17948,2025-04-16 10:38:03.179480,0.7240992486476898,0.7907111346721649
1744814283.1962607,2025-04-16 10:38:03.196261,0.7286872863769531,0.7963714301586151
1744814283.213202,2025-04-16 10:38:03.213202,0.7209564447402954,0.7950765490531921
1744814283.2307837,2025-04-16 10:38:03.230784,0.7276763617992401,0.803411453962326
1744814283.2463565,2025-04-16 10:38:03.246356,0.7252339720726013,0.8017545938491821
1744814283.2634223,2025-04-16 10:38:03.263422,0.733742743730545,0.7186433970928192
1744814283.2796118,2025-04-16 10:38:03.279612,0.7429954707622528,0.5871663689613342
1744814283.2960224,2025-04-16 10:38:03.296022,0.7374641299247742,0.48115119338035583
1744814283.31297,2025-04-16 10:38:03.312970,0.7487747371196747,0.3863576501607895
1744814283.330255,2025-04-16 10:38:03.330255,0.7484283149242401,0.38064534962177277
1744814283.346206,2025-04-16 10:38:03.346206,0.7457238435745239,0.40797296166419983
1744814283.3632731,2025-04-16 10:38:03.363273,0.7434664666652679,0.4103151857852936
1744814283.380255,2025-04-16 10:38:03.380255,0.7462536692619324,0.40577904880046844
1744814283.3970177,2025-04-16 10:38:03.397018,0.7453482747077942,0.3863188773393631
1744814283.413105,2025-04-16 10:38:03.413105,0.7410195767879486,0.4004536420106888
1744814283.4303474,2025-04-16 10:38:03.430347,0.7436159551143646,0.40106453001499176
1744814283.44572,2025-04-16 10:38:03.445720,0.7408905327320099,0.4043986648321152
1744814283.4637017,2025-04-16 10:38:03.463702,0.7246666550636292,0.37282106280326843
1744814283.480388,2025-04-16 10:38:03.480388,0.7205406129360199,0.362933024764061
1744814283.4972281,2025-04-16 10:38:03.497228,0.7234373092651367,0.35323479771614075
1744814283.5137172,2025-04-16 10:38:03.513717,0.7243638932704926,0.337939977645874
1744814283.5295603,2025-04-16 10:38:03.529560,0.721086174249649,0.3478820472955704
1744814283.5460894,2025-04-16 10:38:03.546089,0.7268533110618591,0.349870964884758
1744814283.5633695,2025-04-16 10:38:03.563370,0.7245257794857025,0.34937646985054016
1744814283.5797515,2025-04-16 10:38:03.579751,0.7268478870391846,0.3517168164253235
1744814283.5956485,2025-04-16 10:38:03.595649,0.7266136109828949,0.3361048251390457
1744814283.6130903,2025-04-16 10:38:03.613090,0.7258064150810242,0.3398115783929825
1744814283.6302505,2025-04-16 10:38:03.630250,0.7261819243431091,0.33422568440437317
1744814283.6464486,2025-04-16 10:38:03.646449,0.7230660617351532,0.3392428606748581
1744814283.662674,2025-04-16 10:38:03.662674,0.7695284783840179,0.33945244550704956
1744814283.679374,2025-04-16 10:38:03.679374,0.7988680601119995,0.3534921109676361
1744814283.695799,2025-04-16 10:38:03.695799,0.7947885096073151,0.34997913241386414
1744814283.7137196,2025-04-16 10:38:03.713720,0.7959253489971161,0.33901625871658325
1744814283.7302334,2025-04-16 10:38:03.730233,0.7918742895126343,0.3440662771463394
1744814283.7466633,2025-04-16 10:38:03.746663,0.7941171824932098,0.3449337035417557
1744814283.7630181,2025-04-16 10:38:03.763018,0.7946736812591553,0.3364651948213577
1744814283.7800448,2025-04-16 10:38:03.780045,0.795257180929184,0.3370017409324646
1744814283.797,2025-04-16 10:38:03.797000,0.7934887111186981,0.3606817424297333
1744814283.813081,2025-04-16 10:38:03.813081,0.7922692894935608,0.3587915003299713
1744814283.8290806,2025-04-16 10:38:03.829081,0.7919067442417145,0.3424641489982605
1744814283.845419,2025-04-16 10:38:03.845419,0.7934972941875458,0.336772084236145
1744814283.8634934,2025-04-16 10:38:03.863493,0.792127937078476,0.3463083505630493
1744814283.8810778,2025-04-16 10:38:03.881078,0.7976580560207367,0.34068988263607025
1744814283.8958364,2025-04-16 10:38:03.895836,0.791937917470932,0.3521638959646225
1744814283.9134095,2025-04-16 10:38:03.913409,0.7936658561229706,0.35168738663196564
1744814283.9297786,2025-04-16 10:38:03.929779,0.7953506112098694,0.3441617488861084
1744814283.9473546,2025-04-16 10:38:03.947355,0.7917223870754242,0.3453587740659714
1744814283.9625547,2025-04-16 10:38:03.962555,0.8305791020393372,0.3471928983926773
1744814283.9800816,2025-04-16 10:38:03.980082,0.8360472917556763,0.34053193032741547
1744814283.9964316,2025-04-16 10:38:03.996432,0.8377531468868256,0.340814933180809
1744814284.014142,2025-04-16 10:38:04.014142,0.8325270116329193,0.34747688472270966
1744814284.030002,2025-04-16 10:38:04.030002,0.8316356241703033,0.3526329845190048
1744814284.0465117,2025-04-16 10:38:04.046512,0.833698183298111,0.3482007384300232
1744814284.063057,2025-04-16 10:38:04.063057,0.8331846594810486,0.34520678222179413
1744814284.0798044,2025-04-16 10:38:04.079804,0.82986980676651,0.3474317342042923
1744814284.0973349,2025-04-16 10:38:04.097335,0.833239734172821,0.3524269014596939
1744814284.1125388,2025-04-16 10:38:04.112539,0.8332270681858063,0.3469012975692749
1744814284.130045,2025-04-16 10:38:04.130045,0.8325785994529724,0.34429803490638733
1744814284.146937,2025-04-16 10:38:04.146937,0.8322867453098297,0.34270164370536804
1744814284.1631718,2025-04-16 10:38:04.163172,0.7965068221092224,0.355388879776001
1744814284.1802583,2025-04-16 10:38:04.180258,0.7753085494041443,0.3883211761713028
1744814284.1958244,2025-04-16 10:38:04.195824,0.7716524600982666,0.39331038296222687
1744814284.212651,2025-04-16 10:38:04.212651,0.772251546382904,0.38964588940143585
1744814284.2297564,2025-04-16 10:38:04.229756,0.776246041059494,0.38091079890727997
1744814284.2462907,2025-04-16 10:38:04.246291,0.7740296125411987,0.3900049924850464
1744814284.2636914,2025-04-16 10:38:04.263691,0.7775669991970062,0.38573580980300903
1744814284.2792892,2025-04-16 10:38:04.279289,0.7749555706977844,0.3858867585659027
1744814284.296171,2025-04-16 10:38:04.296171,0.7772758901119232,0.38898518681526184
1744814284.3128228,2025-04-16 10:38:04.312823,0.7764187753200531,0.39124614000320435
1744814284.3297527,2025-04-16 10:38:04.329753,0.7738217413425446,0.40068894624710083
1744814284.3462796,2025-04-16 10:38:04.346280,0.7762518227100372,0.3760748952627182
1744814284.3633041,2025-04-16 10:38:04.363304,0.7749679982662201,0.3825935274362564
1744814284.3803148,2025-04-16 10:38:04.380315,0.7759128212928772,0.38592980802059174
1744814284.3961904,2025-04-16 10:38:04.396190,0.7760377526283264,0.39331193268299103
1744814284.41329,2025-04-16 10:38:04.413290,0.7719849646091461,0.40098410844802856
1744814284.4303553,2025-04-16 10:38:04.430355,0.7763186395168304,0.393206924200058
1744814284.4462845,2025-04-16 10:38:04.446285,0.7758298814296722,0.39344270527362823
1744814284.4624176,2025-04-16 10:38:04.462418,0.7707537710666656,0.413043811917305
1744814284.4801013,2025-04-16 10:38:04.480101,0.774993896484375,0.4056498557329178
1744814284.4959252,2025-04-16 10:38:04.495925,0.7744097411632538,0.40929344296455383
1744814284.5131927,2025-04-16 10:38:04.513193,0.7734344303607941,0.40379616618156433
1744814284.5331132,2025-04-16 10:38:04.533113,0.7732102274894714,0.4128621816635132
1744814284.54611,2025-04-16 10:38:04.546110,0.7735019624233246,0.4164459556341171
1744814284.5631127,2025-04-16 10:38:04.563113,0.7704358696937561,0.42625367641448975
1744814284.5801063,2025-04-16 10:38:04.580106,0.7716177701950073,0.41863809525966644
1744814284.59611,2025-04-16 10:38:04.596110,0.7695368826389313,0.4142735153436661
1744814284.6131763,2025-04-16 10:38:04.613176,0.7697132527828217,0.42576174437999725
1744814284.629118,2025-04-16 10:38:04.629118,0.7705470025539398,0.4116413742303848
1744814284.6465259,2025-04-16 10:38:04.646526,0.7887335121631622,0.4234379231929779
1744814284.6634912,2025-04-16 10:38:04.663491,0.7870040237903595,0.41711948812007904
1744814284.6800108,2025-04-16 10:38:04.680011,0.7912131249904633,0.42584261298179626
1744814284.6962223,2025-04-16 10:38:04.696222,0.7896174192428589,0.4173906147480011
1744814284.7134113,2025-04-16 10:38:04.713411,0.7874069511890411,0.40773114562034607
1744814284.7299578,2025-04-16 10:38:04.729958,0.7890139222145081,0.40513865649700165
1744814284.745782,2025-04-16 10:38:04.745782,0.7928684651851654,0.4067838042974472
1744814284.7630768,2025-04-16 10:38:04.763077,0.7895824611186981,0.41137129068374634
1744814284.7800856,2025-04-16 10:38:04.780086,0.7863312363624573,0.41899673640727997
1744814284.7960904,2025-04-16 10:38:04.796090,0.7921043038368225,0.4096704125404358
1744814284.8131547,2025-04-16 10:38:04.813155,0.7891596853733063,0.42259426414966583
1744814284.8298445,2025-04-16 10:38:04.829844,0.7898790240287781,0.4183174967765808
1744814284.8460317,2025-04-16 10:38:04.846032,0.786665678024292,0.4169609248638153
1744814284.8625329,2025-04-16 10:38:04.862533,0.782698005437851,0.41921839118003845
1744814284.8803208,2025-04-16 10:38:04.880321,0.7832555770874023,0.42011016607284546
1744814284.8971872,2025-04-16 10:38:04.897187,0.783645510673523,0.4148876965045929
1744814284.9125621,2025-04-16 10:38:04.912562,0.7855752110481262,0.41406378149986267
1744814284.930056,2025-04-16 10:38:04.930056,0.7851408421993256,0.43741653859615326
1744814284.9457097,2025-04-16 10:38:04.945710,0.7841240167617798,0.4125479608774185
1744814284.9629216,2025-04-16 10:38:04.962922,0.7790570855140686,0.41556084156036377
1744814284.9797134,2025-04-16 10:38:04.979713,0.7621337175369263,0.4136929512023926
1744814284.9962776,2025-04-16 10:38:04.996278,0.7592197358608246,0.416923463344574
1744814285.0131814,2025-04-16 10:38:05.013181,0.7576324045658112,0.4150654971599579
1744814285.0295722,2025-04-16 10:38:05.029572,0.760063648223877,0.4257134795188904
1744814285.0457418,2025-04-16 10:38:05.045742,0.7614462077617645,0.4233054518699646
1744814285.063314,2025-04-16 10:38:05.063314,0.7650624513626099,0.41869278252124786
1744814285.079856,2025-04-16 10:38:05.079856,0.7583970427513123,0.4241029620170593
1744814285.0954204,2025-04-16 10:38:05.095420,0.7571318447589874,0.4255710393190384
1744814285.1124864,2025-04-16 10:38:05.112486,0.7609491646289825,0.41234251856803894
1744814285.1291072,2025-04-16 10:38:05.129107,0.7649487853050232,0.4293973296880722
1744814285.1464734,2025-04-16 10:38:05.146473,0.7597072124481201,0.4181503802537918
1744814285.164305,2025-04-16 10:38:05.164305,0.7600823044776917,0.4231812059879303
1744814285.1794844,2025-04-16 10:38:05.179484,0.7597567439079285,0.4305485337972641
1744814285.1970763,2025-04-16 10:38:05.197076,0.7608451247215271,0.43185894191265106
1744814285.2136326,2025-04-16 10:38:05.213633,0.7579615414142609,0.42655445635318756
1744814285.2298775,2025-04-16 10:38:05.229877,0.7616388499736786,0.41938380897045135
1744814285.2463648,2025-04-16 10:38:05.246365,0.761652946472168,0.4284581393003464
1744814285.2629051,2025-04-16 10:38:05.262905,0.7633484601974487,0.423214852809906
1744814285.2794275,2025-04-16 10:38:05.279428,0.7623057663440704,0.4259665012359619
1744814285.2963994,2025-04-16 10:38:05.296399,0.7615713179111481,0.4316951185464859
1744814285.3126454,2025-04-16 10:38:05.312645,0.7584258317947388,0.4272480756044388
1744814285.3299894,2025-04-16 10:38:05.329989,0.7608387768268585,0.442172110080719
1744814285.3470185,2025-04-16 10:38:05.347018,0.7608248293399811,0.5050613880157471
1744814285.3631473,2025-04-16 10:38:05.363147,0.7061477601528168,0.6979434192180634
1744814285.3781617,2025-04-16 10:38:05.378162,nan,nan
1744814285.3940225,2025-04-16 10:38:05.394022,nan,nan
1744814285.4101226,2025-04-16 10:38:05.410123,nan,nan
1744814285.4272046,2025-04-16 10:38:05.427205,nan,nan
1744814285.444376,2025-04-16 10:38:05.444376,nan,nan
1744814285.4611082,2025-04-16 10:38:05.461108,nan,nan
1744814285.4787006,2025-04-16 10:38:05.478701,nan,nan
1744814285.4966009,2025-04-16 10:38:05.496601,0.6070390045642853,0.9421862363815308
1744814285.513143,2025-04-16 10:38:05.513143,0.6010055840015411,0.9544123411178589
1744814285.5300457,2025-04-16 10:38:05.530046,0.590253472328186,0.9493972063064575
1744814285.5456295,2025-04-16 10:38:05.545630,0.6027079820632935,0.9604191780090332
1744814285.5622652,2025-04-16 10:38:05.562265,0.601893961429596,0.955782562494278
1744814285.5800972,2025-04-16 10:38:05.580097,0.6017647385597229,0.9624364972114563
1744814285.5962262,2025-04-16 10:38:05.596226,0.6105650365352631,0.9584905207157135
1744814285.6131997,2025-04-16 10:38:05.613200,0.6059907078742981,0.964851051568985
1744814285.6312366,2025-04-16 10:38:05.631237,0.6040791869163513,0.9675766825675964
1744814285.6464076,2025-04-16 10:38:05.646408,0.6094937324523926,0.9605938792228699
1744814285.663616,2025-04-16 10:38:05.663616,0.6676396429538727,0.9632344245910645
1744814285.6800764,2025-04-16 10:38:05.680076,0.6795578002929688,0.9676243960857391
1744814285.6957037,2025-04-16 10:38:05.695704,nan,nan
1744814285.7133865,2025-04-16 10:38:05.713387,0.6757268607616425,0.9694238007068634
1744814285.7304726,2025-04-16 10:38:05.730473,0.67458376288414,0.9719837605953217
1744814285.7470918,2025-04-16 10:38:05.747092,0.67497918009758,0.9781260788440704
1744814285.7638726,2025-04-16 10:38:05.763873,0.6757522225379944,0.981288492679596
1744814285.7794125,2025-04-16 10:38:05.779413,nan,nan
1744814285.7971845,2025-04-16 10:38:05.797184,0.669992208480835,0.9730500280857086
1744814285.814283,2025-04-16 10:38:05.814283,0.6758336424827576,0.9750792682170868
1744814285.8302934,2025-04-16 10:38:05.830293,0.6745242476463318,0.9846230447292328
1744814285.8479478,2025-04-16 10:38:05.847948,0.6672535538673401,0.9732964634895325
1744814285.863938,2025-04-16 10:38:05.863938,0.6705711781978607,0.9707565605640411
1744814285.8801036,2025-04-16 10:38:05.880104,0.6393226683139801,0.9679292440414429
1744814285.8971405,2025-04-16 10:38:05.897141,0.5897824764251709,0.960514634847641
1744814285.9140086,2025-04-16 10:38:05.914009,0.5858519077301025,0.9672676622867584
1744814285.930781,2025-04-16 10:38:05.930781,0.5913557410240173,0.9678790271282196
1744814285.947086,2025-04-16 10:38:05.947086,0.5811430811882019,0.9712646007537842
1744814285.9632144,2025-04-16 10:38:05.963214,0.5883720815181732,0.973158210515976
1744814285.9808996,2025-04-16 10:38:05.980900,0.5888476371765137,0.9746523797512054
1744814285.9974103,2025-04-16 10:38:05.997410,0.5869480073451996,0.9630092084407806
1744814286.0145376,2025-04-16 10:38:06.014538,0.5867198705673218,0.9752976894378662
1744814286.030146,2025-04-16 10:38:06.030146,0.5877154469490051,0.9816587269306183
1744814286.0472736,2025-04-16 10:38:06.047274,0.5847198963165283,0.9693947732448578
1744814286.0632687,2025-04-16 10:38:06.063269,0.585536926984787,0.9744634032249451
1744814286.0808232,2025-04-16 10:38:06.080823,0.5916099846363068,0.9786719977855682
1744814286.097024,2025-04-16 10:38:06.097024,0.5868505239486694,0.9754893481731415
1744814286.1141362,2025-04-16 10:38:06.114136,0.568027138710022,0.9755276441574097
1744814286.130061,2025-04-16 10:38:06.130061,0.5695852041244507,0.9683707356452942
1744814286.1471386,2025-04-16 10:38:06.147139,0.5670467019081116,0.9717787802219391
1744814286.1637223,2025-04-16 10:38:06.163722,0.5618936717510223,0.9722416698932648
1744814286.1805954,2025-04-16 10:38:06.180595,0.5690924227237701,0.9665361940860748
1744814286.1971421,2025-04-16 10:38:06.197142,0.5672318935394287,0.9714441001415253
1744814286.2137935,2025-04-16 10:38:06.213794,0.5773334801197052,0.9720238149166107
1744814286.2305875,2025-04-16 10:38:06.230587,0.5702348053455353,0.9744535684585571
1744814286.2460868,2025-04-16 10:38:06.246087,nan,nan
1744814286.264055,2025-04-16 10:38:06.264055,0.5712409019470215,0.9728014767169952
1744814286.2810724,2025-04-16 10:38:06.281072,0.5673247277736664,0.9634930789470673
1744814286.297148,2025-04-16 10:38:06.297148,0.5708960294723511,0.9682494103908539
1744814286.313437,2025-04-16 10:38:06.313437,0.5730894505977631,0.9689819514751434
1744814286.3305,2025-04-16 10:38:06.330500,0.570690780878067,0.9651266634464264
1744814286.3471508,2025-04-16 10:38:06.347151,0.5634220540523529,0.9618766903877258
1744814286.3641965,2025-04-16 10:38:06.364197,0.5675748586654663,0.9636063873767853
1744814286.3801844,2025-04-16 10:38:06.380184,0.5660180449485779,0.9692431092262268
1744814286.3972347,2025-04-16 10:38:06.397235,0.5630912780761719,0.9687029123306274
1744814286.4139526,2025-04-16 10:38:06.413953,0.5679755508899689,0.9631162583827972
1744814286.4304144,2025-04-16 10:38:06.430414,0.5684108436107635,0.9675112366676331
1744814286.4471362,2025-04-16 10:38:06.447136,0.5689994096755981,0.9583286941051483
1744814286.4641862,2025-04-16 10:38:06.464186,0.5745995342731476,0.965847909450531
1744814286.4804618,2025-04-16 10:38:06.480462,0.5703305900096893,0.9621617794036865
1744814286.4972498,2025-04-16 10:38:06.497250,0.579753190279007,0.961786299943924
1744814286.5126984,2025-04-16 10:38:06.512698,nan,nan
1744814286.5307186,2025-04-16 10:38:06.530719,0.5754183530807495,0.9630073010921478
1744814286.5469768,2025-04-16 10:38:06.546977,0.5814357995986938,0.9648100435733795
1744814286.5628335,2025-04-16 10:38:06.562834,nan,nan
1744814286.5813668,2025-04-16 10:38:06.581367,0.5820196866989136,0.9488927721977234
1744814286.5971065,2025-04-16 10:38:06.597106,0.5797214806079865,0.9588353335857391
1744814286.613032,2025-04-16 10:38:06.613032,nan,nan
1744814286.6305816,2025-04-16 10:38:06.630582,0.5806717872619629,0.9615803956985474
1744814286.6471343,2025-04-16 10:38:06.647134,0.5851334035396576,0.968676894903183
1744814286.663753,2025-04-16 10:38:06.663753,0.5816231369972229,0.9659211039543152
1744814286.6804874,2025-04-16 10:38:06.680487,0.5771143734455109,0.9571267366409302
1744814286.6971931,2025-04-16 10:38:06.697193,0.5778796672821045,0.9459502696990967
1744814286.7134123,2025-04-16 10:38:06.713412,0.5709224343299866,0.9774994254112244
1744814286.730412,2025-04-16 10:38:06.730412,0.5734907388687134,0.9701764583587646
1744814286.7484183,2025-04-16 10:38:06.748418,0.5612946152687073,0.9019467830657959
1744814286.7634149,2025-04-16 10:38:06.763415,nan,nan
1744814286.7809322,2025-04-16 10:38:06.780932,0.5701554417610168,0.9624717533588409
1744814286.796939,2025-04-16 10:38:06.796939,0.5693681836128235,0.9643140733242035
1744814286.8139677,2025-04-16 10:38:06.813968,0.580339252948761,0.9526779353618622
1744814286.8299744,2025-04-16 10:38:06.829974,0.573590099811554,0.9651375412940979
1744814286.8469803,2025-04-16 10:38:06.846980,0.5773442685604095,0.9628552198410034
1744814286.8629727,2025-04-16 10:38:06.862973,0.5696274936199188,0.9419349133968353
1744814286.8799868,2025-04-16 10:38:06.879987,0.5735202729701996,0.9625623226165771
1744814286.8969877,2025-04-16 10:38:06.896988,0.4918317496776581,0.8863434195518494
1744814286.9140255,2025-04-16 10:38:06.914026,0.3938852995634079,0.8418910503387451
1744814286.930522,2025-04-16 10:38:06.930522,0.3852701485157013,0.8247661292552948
1744814286.9472475,2025-04-16 10:38:06.947248,0.37778210639953613,0.8358097970485687
1744814286.9642513,2025-04-16 10:38:06.964251,0.3809492737054825,0.8497185111045837
1744814286.9802577,2025-04-16 10:38:06.980258,0.3814386576414108,0.8444934487342834
1744814286.9972606,2025-04-16 10:38:06.997261,0.3829098641872406,0.8432563245296478
1744814287.013794,2025-04-16 10:38:07.013794,0.38545727729797363,0.8381806015968323
1744814287.0302067,2025-04-16 10:38:07.030207,0.38052767515182495,0.8302293121814728
1744814287.0465028,2025-04-16 10:38:07.046503,nan,nan
1744814287.0620563,2025-04-16 10:38:07.062056,nan,nan
1744814287.078211,2025-04-16 10:38:07.078211,nan,nan
1744814287.095292,2025-04-16 10:38:07.095292,nan,nan
1744814287.1114378,2025-04-16 10:38:07.111438,nan,nan
1744814287.1281042,2025-04-16 10:38:07.128104,nan,nan
1744814287.1447768,2025-04-16 10:38:07.144777,nan,nan
1744814287.161152,2025-04-16 10:38:07.161152,nan,nan
1744814287.1778586,2025-04-16 10:38:07.177859,nan,nan
1744814287.1945434,2025-04-16 10:38:07.194543,nan,nan
1744814287.2123482,2025-04-16 10:38:07.212348,nan,nan
1744814287.2280622,2025-04-16 10:38:07.228062,nan,nan
1744814287.2446487,2025-04-16 10:38:07.244649,nan,nan
1744814287.261191,2025-04-16 10:38:07.261191,nan,nan
1744814287.2773945,2025-04-16 10:38:07.277395,nan,nan
1744814287.2944486,2025-04-16 10:38:07.294449,nan,nan
1744814287.3112993,2025-04-16 10:38:07.311299,nan,nan
1744814287.328354,2025-04-16 10:38:07.328354,nan,nan
1744814287.3443322,2025-04-16 10:38:07.344332,nan,nan
1744814287.3614805,2025-04-16 10:38:07.361480,nan,nan
1744814287.3790133,2025-04-16 10:38:07.379013,nan,nan
1744814287.395193,2025-04-16 10:38:07.395193,nan,nan
1744814287.4112887,2025-04-16 10:38:07.411289,nan,nan
1744814287.4281123,2025-04-16 10:38:07.428112,nan,nan
1744814287.4442346,2025-04-16 10:38:07.444235,nan,nan
1744814287.4612923,2025-04-16 10:38:07.461292,nan,nan
1744814287.4780426,2025-04-16 10:38:07.478043,nan,nan
1744814287.494688,2025-04-16 10:38:07.494688,nan,nan
1744814287.511167,2025-04-16 10:38:07.511167,nan,nan
1744814287.5281672,2025-04-16 10:38:07.528167,nan,nan
1744814287.5441709,2025-04-16 10:38:07.544171,nan,nan
1744814287.5619164,2025-04-16 10:38:07.561916,nan,nan
1744814287.5779438,2025-04-16 10:38:07.577944,nan,nan
1744814287.6160872,2025-04-16 10:38:07.616087,nan,nan
1744814287.617149,2025-04-16 10:38:07.617149,nan,nan
1744814287.6326973,2025-04-16 10:38:07.632697,nan,nan
1744814287.677896,2025-04-16 10:38:07.677896,nan,nan
1744814287.677896,2025-04-16 10:38:07.677896,nan,nan
1744814287.677896,2025-04-16 10:38:07.677896,nan,nan
1744814287.6942983,2025-04-16 10:38:07.694298,nan,nan
1744814287.711021,2025-04-16 10:38:07.711021,nan,nan
1744814287.7276862,2025-04-16 10:38:07.727686,nan,nan
1744814287.7442174,2025-04-16 10:38:07.744217,nan,nan
1744814287.7613885,2025-04-16 10:38:07.761389,nan,nan
1744814287.7779577,2025-04-16 10:38:07.777958,nan,nan
1744814287.794806,2025-04-16 10:38:07.794806,nan,nan
1744814287.811336,2025-04-16 10:38:07.811336,nan,nan
1744814287.8279984,2025-04-16 10:38:07.827998,nan,nan
1744814287.8451722,2025-04-16 10:38:07.845172,nan,nan
1744814287.8614614,2025-04-16 10:38:07.861461,nan,nan
1744814287.8783226,2025-04-16 10:38:07.878323,nan,nan
1744814287.8947752,2025-04-16 10:38:07.894775,nan,nan
1744814287.912218,2025-04-16 10:38:07.912218,nan,nan
1744814287.9282174,2025-04-16 10:38:07.928217,nan,nan
1744814287.9447436,2025-04-16 10:38:07.944744,nan,nan
1744814287.9612038,2025-04-16 10:38:07.961204,nan,nan
1744814287.978148,2025-04-16 10:38:07.978148,nan,nan
1744814287.9951975,2025-04-16 10:38:07.995198,nan,nan
1744814288.0113785,2025-04-16 10:38:08.011379,nan,nan
1744814288.0283306,2025-04-16 10:38:08.028331,nan,nan
1744814288.0446918,2025-04-16 10:38:08.044692,nan,nan
1744814288.0614824,2025-04-16 10:38:08.061482,nan,nan
1744814288.0781205,2025-04-16 10:38:08.078120,nan,nan
1744814288.094324,2025-04-16 10:38:08.094324,nan,nan
1744814288.1115634,2025-04-16 10:38:08.111563,nan,nan
1744814288.1297178,2025-04-16 10:38:08.129718,0.4692602604627609,0.9671210050582886
1744814288.1460848,2025-04-16 10:38:08.146085,nan,nan
1744814288.164314,2025-04-16 10:38:08.164314,0.24134326726198196,0.9043758809566498
1744814288.1803303,2025-04-16 10:38:08.180330,0.23856081068515778,0.9294107854366302
1744814288.1972456,2025-04-16 10:38:08.197246,0.2369481697678566,0.9324208498001099
1744814288.214128,2025-04-16 10:38:08.214128,0.23575802147388458,0.935330718755722
1744814288.2309473,2025-04-16 10:38:08.230947,0.2346585988998413,0.9320949912071228
1744814288.246955,2025-04-16 10:38:08.246955,0.2371385619044304,0.9311544299125671
1744814288.263953,2025-04-16 10:38:08.263953,0.2347889468073845,0.9354495704174042
1744814288.280565,2025-04-16 10:38:08.280565,0.22967900335788727,0.9333057999610901
1744814288.2973015,2025-04-16 10:38:08.297302,0.23825232684612274,0.9393511712551117
1744814288.314089,2025-04-16 10:38:08.314089,0.23558858782052994,0.9381373226642609
1744814288.3302743,2025-04-16 10:38:08.330274,0.23555748909711838,0.9363928735256195
1744814288.3471072,2025-04-16 10:38:08.347107,0.23841416090726852,0.9412574470043182
1744814288.3647387,2025-04-16 10:38:08.364739,0.23400554805994034,0.9370940029621124
1744814288.3809574,2025-04-16 10:38:08.380957,0.23409311473369598,0.9377976357936859
1744814288.3975346,2025-04-16 10:38:08.397535,0.23667044192552567,0.9366382360458374
1744814288.4140792,2025-04-16 10:38:08.414079,0.23831940442323685,0.9467027485370636
1744814288.4302003,2025-04-16 10:38:08.430200,0.23282740265130997,0.9403414130210876
1744814288.4480639,2025-04-16 10:38:08.448064,0.23376499116420746,0.9397653043270111
1744814288.4643428,2025-04-16 10:38:08.464343,0.2370806634426117,0.9372786283493042
1744814288.480277,2025-04-16 10:38:08.480277,0.23475977778434753,0.933822900056839
1744814288.4971244,2025-04-16 10:38:08.497124,0.2261786386370659,0.9345712959766388
1744814288.5137134,2025-04-16 10:38:08.513713,0.1551964432001114,0.9425196945667267
1744814288.5310042,2025-04-16 10:38:08.531004,0.15168575942516327,0.9477427005767822
1744814288.547294,2025-04-16 10:38:08.547294,0.14986838400363922,0.953743040561676
1744814288.563963,2025-04-16 10:38:08.563963,0.1515602320432663,0.9561695456504822
1744814288.5800183,2025-04-16 10:38:08.580018,0.15407473593950272,0.9503601789474487
1744814288.5971136,2025-04-16 10:38:08.597114,0.15473439544439316,0.9464094638824463
1744814288.6139615,2025-04-16 10:38:08.613961,0.15530424565076828,0.9469837546348572
1744814288.6302986,2025-04-16 10:38:08.630299,0.1499733105301857,0.9518402814865112
1744814288.6471188,2025-04-16 10:38:08.647119,0.15755704790353775,0.94819775223732
1744814288.6634905,2025-04-16 10:38:08.663491,0.15639326721429825,0.9564477801322937
1744814288.6804287,2025-04-16 10:38:08.680429,0.15816867351531982,0.9476789236068726
1744814288.6973112,2025-04-16 10:38:08.697311,0.1542971134185791,0.9570276141166687
1744814288.7143528,2025-04-16 10:38:08.714353,0.160234235227108,0.9492356181144714
1744814288.7311404,2025-04-16 10:38:08.731140,0.15474122762680054,0.9625473022460938
1744814288.747413,2025-04-16 10:38:08.747413,0.15803364664316177,0.9597969353199005
1744814288.7638993,2025-04-16 10:38:08.763899,0.1568819358944893,0.9614246487617493
1744814288.7801833,2025-04-16 10:38:08.780183,0.1516411155462265,0.9515382051467896
1744814288.7972069,2025-04-16 10:38:08.797207,0.15736158937215805,0.9604061543941498
1744814288.813727,2025-04-16 10:38:08.813727,0.15586195141077042,0.9481178820133209
1744814288.8305871,2025-04-16 10:38:08.830587,0.16376762092113495,0.9543639421463013
1744814288.847115,2025-04-16 10:38:08.847115,0.15851961821317673,0.9533192217350006
1744814288.8640077,2025-04-16 10:38:08.864008,0.1613430455327034,0.950846791267395
1744814288.8802838,2025-04-16 10:38:08.880284,0.16401353478431702,0.949349969625473
1744814288.8982875,2025-04-16 10:38:08.898288,0.1573246642947197,0.9550066590309143
1744814288.9143448,2025-04-16 10:38:08.914345,0.1638382151722908,0.9429170191287994
1744814288.9303417,2025-04-16 10:38:08.930342,0.1622375100851059,0.949050635099411
1744814288.9476223,2025-04-16 10:38:08.947622,0.1632973775267601,0.9365637600421906
1744814288.963216,2025-04-16 10:38:08.963216,0.17100167274475098,0.9439336657524109
1744814288.980125,2025-04-16 10:38:08.980125,0.16744938492774963,0.9395584464073181
1744814288.9971251,2025-04-16 10:38:08.997125,0.16163668781518936,0.9429439902305603
1744814289.0141363,2025-04-16 10:38:09.014136,0.1594916209578514,0.9403083324432373
1744814289.0301516,2025-04-16 10:38:09.030152,0.16671016812324524,0.9378767609596252
1744814289.0471911,2025-04-16 10:38:09.047191,0.1710878610610962,0.9444707036018372
1744814289.0631611,2025-04-16 10:38:09.063161,nan,nan
1744814289.080438,2025-04-16 10:38:09.080438,0.15648695081472397,0.942443311214447
1744814289.0972311,2025-04-16 10:38:09.097231,0.16416718065738678,0.9327186048030853
1744814289.1142201,2025-04-16 10:38:09.114220,0.16555329412221909,0.9504448771476746
1744814289.1305003,2025-04-16 10:38:09.130500,0.16727996617555618,0.9338709115982056
1744814289.1471953,2025-04-16 10:38:09.147195,0.169593907892704,0.9366784989833832
1744814289.1644251,2025-04-16 10:38:09.164425,0.16423162817955017,0.9461238086223602
1744814289.1805215,2025-04-16 10:38:09.180521,0.1636129915714264,0.9493565261363983
1744814289.197066,2025-04-16 10:38:09.197066,0.16618698090314865,0.9498735070228577
1744814289.2141786,2025-04-16 10:38:09.214179,0.17146826535463333,0.9364618957042694
1744814289.2305424,2025-04-16 10:38:09.230542,0.17567063868045807,0.9434418380260468
1744814289.247678,2025-04-16 10:38:09.247678,0.16832786798477173,0.9450024664402008
1744814289.2642236,2025-04-16 10:38:09.264224,0.16509811580181122,0.9490496814250946
1744814289.281227,2025-04-16 10:38:09.281227,0.16626375913619995,0.960183322429657
1744814289.2972236,2025-04-16 10:38:09.297224,0.1663493663072586,0.948695719242096
1744814289.3152752,2025-04-16 10:38:09.315275,0.17320748418569565,0.9530498683452606
1744814289.330274,2025-04-16 10:38:09.330274,0.1699984446167946,0.9507871866226196
1744814289.3472748,2025-04-16 10:38:09.347275,0.17026552557945251,0.9529432952404022
1744814289.3642745,2025-04-16 10:38:09.364275,0.17234107106924057,0.9504040777683258
1744814289.380391,2025-04-16 10:38:09.380391,0.16532808542251587,0.9540434181690216
